Block Number,Timestamp,User Address,Token Address,Token Balance,Token Symbol,USD Price
4208504,1714669008,0x5d0542be1e9c6703e4140f00a2c697d3cd02003c,0x176211869ca2b568f2a7d4ee941e073a821ee1ff,582364693972,,0
4208504,1714669008,0x5d0542be1e9c6703e4140f00a2c697d3cd02003c,0xe5d7c2a44ffddf6b295a15c148167daaaf5cf34f,203591106472246804480,,0
4208504,1714669008,0x5d0542be1e9c6703e4140f00a2c697d3cd02003c,0x580e933d90091b9ce380740e3a4a39c67eb85b4c,965894026177198195474432,,0
4208504,1714669008,0x5d0542be1e9c6703e4140f00a2c697d3cd02003c,0x3aab2285ddcddad8edf438c1bab47e1a9d05a9b4,492055738,,0
4208815,1714669941,0x5d0542be1e9c6703e4140f00a2c697d3cd02003c,0x176211869ca2b568f2a7d4ee941e073a821ee1ff,582364693972,,0
4208815,1714669941,0x5d0542be1e9c6703e4140f00a2c697d3cd02003c,0xe5d7c2a44ffddf6b295a15c148167daaaf5cf34f,203591106472246804480,,0
4208815,1714669941,0x5d0542be1e9c6703e4140f00a2c697d3cd02003c,0x580e933d90091b9ce380740e3a4a39c67eb85b4c,965894026177198195474432,,0
4208815,1714669941,0x5d0542be1e9c6703e4140f00a2c697d3cd02003c,0x3aab2285ddcddad8edf438c1bab47e1a9d05a9b4,492055738,,0
4209126,1714670874,0x5d0542be1e9c6703e4140f00a2c697d3cd02003c,0x176211869ca2b568f2a7d4ee941e073a821ee1ff,582364693972,,0
4209126,1714670874,0x5d0542be1e9c6703e4140f00a2c697d3cd02003c,0xe5d7c2a44ffddf6b295a15c148167daaaf5cf34f,203591106472246804480,,0
4209126,1714670874,0x5d0542be1e9c6703e4140f00a2c697d3cd02003c,0x580e933d90091b9ce380740e3a4a39c67eb85b4c,965894026177198195474432,,0
4209126,1714670874,0x5d0542be1e9c6703e4140f00a2c697d3cd02003c,0x3aab2285ddcddad8edf438c1bab47e1a9d05a9b4,492055738,,0
4209437,1714671807,0x5d0542be1e9c6703e4140f00a2c697d3cd02003c,0x176211869ca2b568f2a7d4ee941e073a821ee1ff,582364693972,,0
4209437,1714671807,0x5d0542be1e9c6703e4140f00a2c697d3cd02003c,0xe5d7c2a44ffddf6b295a15c148167daaaf5cf34f,203591106472246804480,,0
4209437,1714671807,0x5d0542be1e9c6703e4140f00a2c697d3cd02003c,0x580e933d90091b9ce380740e3a4a39c67eb85b4c,965894026177198195474432,,0
4209437,1714671807,0x5d0542be1e9c6703e4140f00a2c697d3cd02003c,0x3aab2285ddcddad8edf438c1bab47e1a9d05a9b4,492055738,,0
4209748,1714672740,0x5d0542be1e9c6703e4140f00a2c697d3cd02003c,0x176211869ca2b568f2a7d4ee941e073a821ee1ff,582364693972,,0
4209748,1714672740,0x5d0542be1e9c6703e4140f00a2c697d3cd02003c,0xe5d7c2a44ffddf6b295a15c148167daaaf5cf34f,203591106472246804480,,0
4209748,1714672740,0x5d0542be1e9c6703e4140f00a2c697d3cd02003c,0x580e933d90091b9ce380740e3a4a39c67eb85b4c,965894026177198195474432,,0
4209748,1714672740,0x5d0542be1e9c6703e4140f00a2c697d3cd02003c,0x3aab2285ddcddad8edf438c1bab47e1a9d05a9b4,492055738,,0
4210059,1714673673,0x5d0542be1e9c6703e4140f00a2c697d3cd02003c,0x176211869ca2b568f2a7d4ee941e073a821ee1ff,582364693972,,0
4210059,1714673673,0x5d0542be1e9c6703e4140f00a2c697d3cd02003c,0xe5d7c2a44ffddf6b295a15c148167daaaf5cf34f,203591106472246804480,,0
4210059,1714673673,0x5d0542be1e9c6703e4140f00a2c697d3cd02003c,0x580e933d90091b9ce380740e3a4a39c67eb85b4c,965894026177198195474432,,0
4210059,1714673673,0x5d0542be1e9c6703e4140f00a2c697d3cd02003c,0x3aab2285ddcddad8edf438c1bab47e1a9d05a9b4,492055738,,0
4210370,1714674606,0x5d0542be1e9c6703e4140f00a2c697d3cd02003c,0x176211869ca2b568f2a7d4ee941e073a821ee1ff,582234993197,,0
4210370,1714674606,0x5d0542be1e9c6703e4140f00a2c697d3cd02003c,0xe5d7c2a44ffddf6b295a15c148167daaaf5cf34f,203634692718374617088,,0
4210370,1714674606,0x5d0542be1e9c6703e4140f00a2c697d3cd02003c,0x580e933d90091b9ce380740e3a4a39c67eb85b4c,965894026177198195474432,,0
4210370,1714674606,0x5d0542be1e9c6703e4140f00a2c697d3cd02003c,0x3aab2285ddcddad8edf438c1bab47e1a9d05a9b4,492055738,,0
4210681,1714675539,0x5d0542be1e9c6703e4140f00a2c697d3cd02003c,0x176211869ca2b568f2a7d4ee941e073a821ee1ff,582234993197,,0
4210681,1714675539,0x5d0542be1e9c6703e4140f00a2c697d3cd02003c,0xe5d7c2a44ffddf6b295a15c148167daaaf5cf34f,203634692718374617088,,0
4210681,1714675539,0x5d0542be1e9c6703e4140f00a2c697d3cd02003c,0x580e933d90091b9ce380740e3a4a39c67eb85b4c,965894026177198195474432,,0
4210681,1714675539,0x5d0542be1e9c6703e4140f00a2c697d3cd02003c,0x3aab2285ddcddad8edf438c1bab47e1a9d05a9b4,492055738,,0
4210992,1714676472,0x5d0542be1e9c6703e4140f00a2c697d3cd02003c,0x176211869ca2b568f2a7d4ee941e073a821ee1ff,582340302380,,0
4210992,1714676472,0x5d0542be1e9c6703e4140f00a2c697d3cd02003c,0xe5d7c2a44ffddf6b295a15c148167daaaf5cf34f,203599512562370101248,,0
4210992,1714676472,0x5d0542be1e9c6703e4140f00a2c697d3cd02003c,0x580e933d90091b9ce380740e3a4a39c67eb85b4c,965894026177198195474432,,0
4210992,1714676472,0x5d0542be1e9c6703e4140f00a2c697d3cd02003c,0x3aab2285ddcddad8edf438c1bab47e1a9d05a9b4,492055738,,0
4211303,1714677405,0x5d0542be1e9c6703e4140f00a2c697d3cd02003c,0x176211869ca2b568f2a7d4ee941e073a821ee1ff,582340302380,,0
4211303,1714677405,0x5d0542be1e9c6703e4140f00a2c697d3cd02003c,0xe5d7c2a44ffddf6b295a15c148167daaaf5cf34f,203599512562370101248,,0
4211303,1714677405,0x5d0542be1e9c6703e4140f00a2c697d3cd02003c,0x580e933d90091b9ce380740e3a4a39c67eb85b4c,965894026177198195474432,,0
4211303,1714677405,0x5d0542be1e9c6703e4140f00a2c697d3cd02003c,0x3aab2285ddcddad8edf438c1bab47e1a9d05a9b4,492055738,,0
4211614,1714678338,0x5d0542be1e9c6703e4140f00a2c697d3cd02003c,0x176211869ca2b568f2a7d4ee941e073a821ee1ff,582340302380,,0
4211614,1714678338,0x5d0542be1e9c6703e4140f00a2c697d3cd02003c,0xe5d7c2a44ffddf6b295a15c148167daaaf5cf34f,203599512562370101248,,0
4211614,1714678338,0x5d0542be1e9c6703e4140f00a2c697d3cd02003c,0x580e933d90091b9ce380740e3a4a39c67eb85b4c,965894026177198195474432,,0
4211614,1714678338,0x5d0542be1e9c6703e4140f00a2c697d3cd02003c,0x3aab2285ddcddad8edf438c1bab47e1a9d05a9b4,492055738,,0
4211925,1714679271,0x5d0542be1e9c6703e4140f00a2c697d3cd02003c,0x176211869ca2b568f2a7d4ee941e073a821ee1ff,582340302380,,0
4211925,1714679271,0x5d0542be1e9c6703e4140f00a2c697d3cd02003c,0xe5d7c2a44ffddf6b295a15c148167daaaf5cf34f,203599512562370101248,,0
4211925,1714679271,0x5d0542be1e9c6703e4140f00a2c697d3cd02003c,0x580e933d90091b9ce380740e3a4a39c67eb85b4c,965894026177198195474432,,0
4211925,1714679271,0x5d0542be1e9c6703e4140f00a2c697d3cd02003c,0x3aab2285ddcddad8edf438c1bab47e1a9d05a9b4,492055738,,0
4212236,1714680205,0x5d0542be1e9c6703e4140f00a2c697d3cd02003c,0x176211869ca2b568f2a7d4ee941e073a821ee1ff,582340302380,,0
4212236,1714680205,0x5d0542be1e9c6703e4140f00a2c697d3cd02003c,0xe5d7c2a44ffddf6b295a15c148167daaaf5cf34f,203599512562370101248,,0
4212236,1714680205,0x5d0542be1e9c6703e4140f00a2c697d3cd02003c,0x580e933d90091b9ce380740e3a4a39c67eb85b4c,965894026177198195474432,,0
4212236,1714680205,0x5d0542be1e9c6703e4140f00a2c697d3cd02003c,0x3aab2285ddcddad8edf438c1bab47e1a9d05a9b4,492055738,,0
4212547,1714681138,0x5d0542be1e9c6703e4140f00a2c697d3cd02003c,0x176211869ca2b568f2a7d4ee941e073a821ee1ff,582340302380,,0
4212547,1714681138,0x5d0542be1e9c6703e4140f00a2c697d3cd02003c,0xe5d7c2a44ffddf6b295a15c148167daaaf5cf34f,203599512562370101248,,0
4212547,1714681138,0x5d0542be1e9c6703e4140f00a2c697d3cd02003c,0x580e933d90091b9ce380740e3a4a39c67eb85b4c,965894026177198195474432,,0
4212547,1714681138,0x5d0542be1e9c6703e4140f00a2c697d3cd02003c,0x3aab2285ddcddad8edf438c1bab47e1a9d05a9b4,492055738,,0
4212858,1714682071,0x5d0542be1e9c6703e4140f00a2c697d3cd02003c,0x176211869ca2b568f2a7d4ee941e073a821ee1ff,582340302380,,0
4212858,1714682071,0x5d0542be1e9c6703e4140f00a2c697d3cd02003c,0xe5d7c2a44ffddf6b295a15c148167daaaf5cf34f,203599512562370101248,,0
4212858,1714682071,0x5d0542be1e9c6703e4140f00a2c697d3cd02003c,0x580e933d90091b9ce380740e3a4a39c67eb85b4c,965894026177198195474432,,0
4212858,1714682071,0x5d0542be1e9c6703e4140f00a2c697d3cd02003c,0x3aab2285ddcddad8edf438c1bab47e1a9d05a9b4,492055738,,0
4213169,1714683005,0x5d0542be1e9c6703e4140f00a2c697d3cd02003c,0x176211869ca2b568f2a7d4ee941e073a821ee1ff,582340302380,,0
4213169,1714683005,0x5d0542be1e9c6703e4140f00a2c697d3cd02003c,0xe5d7c2a44ffddf6b295a15c148167daaaf5cf34f,203599512562370101248,,0
4213169,1714683005,0x5d0542be1e9c6703e4140f00a2c697d3cd02003c,0x580e933d90091b9ce380740e3a4a39c67eb85b4c,965894026177198195474432,,0
4213169,1714683005,0x5d0542be1e9c6703e4140f00a2c697d3cd02003c,0x3aab2285ddcddad8edf438c1bab47e1a9d05a9b4,492055738,,0
4213480,1714683938,0x5d0542be1e9c6703e4140f00a2c697d3cd02003c,0x176211869ca2b568f2a7d4ee941e073a821ee1ff,582340302380,,0
4213480,1714683938,0x5d0542be1e9c6703e4140f00a2c697d3cd02003c,0xe5d7c2a44ffddf6b295a15c148167daaaf5cf34f,203573414371816554496,,0
4213480,1714683938,0x5d0542be1e9c6703e4140f00a2c697d3cd02003c,0x580e933d90091b9ce380740e3a4a39c67eb85b4c,965894026177198195474432,,0
4213480,1714683938,0x5d0542be1e9c6703e4140f00a2c697d3cd02003c,0x3aab2285ddcddad8edf438c1bab47e1a9d05a9b4,492188298,,0
4213791,1714684872,0x5d0542be1e9c6703e4140f00a2c697d3cd02003c,0x176211869ca2b568f2a7d4ee941e073a821ee1ff,582340302380,,0
4213791,1714684872,0x5d0542be1e9c6703e4140f00a2c697d3cd02003c,0xe5d7c2a44ffddf6b295a15c148167daaaf5cf34f,203573414371816554496,,0
4213791,1714684872,0x5d0542be1e9c6703e4140f00a2c697d3cd02003c,0x580e933d90091b9ce380740e3a4a39c67eb85b4c,965894026177198195474432,,0
4213791,1714684872,0x5d0542be1e9c6703e4140f00a2c697d3cd02003c,0x3aab2285ddcddad8edf438c1bab47e1a9d05a9b4,492188298,,0
4214102,1714685805,0x5d0542be1e9c6703e4140f00a2c697d3cd02003c,0x176211869ca2b568f2a7d4ee941e073a821ee1ff,582340302380,,0
4214102,1714685805,0x5d0542be1e9c6703e4140f00a2c697d3cd02003c,0xe5d7c2a44ffddf6b295a15c148167daaaf5cf34f,203571886441050259456,,0
4214102,1714685805,0x5d0542be1e9c6703e4140f00a2c697d3cd02003c,0x580e933d90091b9ce380740e3a4a39c67eb85b4c,965894026177198195474432,,0
4214102,1714685805,0x5d0542be1e9c6703e4140f00a2c697d3cd02003c,0x3aab2285ddcddad8edf438c1bab47e1a9d05a9b4,492196061,,0
4214413,1714686738,0x5d0542be1e9c6703e4140f00a2c697d3cd02003c,0x176211869ca2b568f2a7d4ee941e073a821ee1ff,582865715516,,0
4214413,1714686738,0x5d0542be1e9c6703e4140f00a2c697d3cd02003c,0xe5d7c2a44ffddf6b295a15c148167daaaf5cf34f,203396711467373297664,,0
4214413,1714686738,0x5d0542be1e9c6703e4140f00a2c697d3cd02003c,0x580e933d90091b9ce380740e3a4a39c67eb85b4c,965894026177198195474432,,0
4214413,1714686738,0x5d0542be1e9c6703e4140f00a2c697d3cd02003c,0x3aab2285ddcddad8edf438c1bab47e1a9d05a9b4,492196061,,0
4214724,1714687671,0x5d0542be1e9c6703e4140f00a2c697d3cd02003c,0x176211869ca2b568f2a7d4ee941e073a821ee1ff,582865715516,,0
4214724,1714687671,0x5d0542be1e9c6703e4140f00a2c697d3cd02003c,0xe5d7c2a44ffddf6b295a15c148167daaaf5cf34f,203396711467373297664,,0
4214724,1714687671,0x5d0542be1e9c6703e4140f00a2c697d3cd02003c,0x580e933d90091b9ce380740e3a4a39c67eb85b4c,965894026177198195474432,,0
4214724,1714687671,0x5d0542be1e9c6703e4140f00a2c697d3cd02003c,0x3aab2285ddcddad8edf438c1bab47e1a9d05a9b4,492196061,,0
4215035,1714688607,0x5d0542be1e9c6703e4140f00a2c697d3cd02003c,0x176211869ca2b568f2a7d4ee941e073a821ee1ff,582865715516,,0
4215035,1714688607,0x5d0542be1e9c6703e4140f00a2c697d3cd02003c,0xe5d7c2a44ffddf6b295a15c148167daaaf5cf34f,203396711467373297664,,0
4215035,1714688607,0x5d0542be1e9c6703e4140f00a2c697d3cd02003c,0x580e933d90091b9ce380740e3a4a39c67eb85b4c,965894026177198195474432,,0
4215035,1714688607,0x5d0542be1e9c6703e4140f00a2c697d3cd02003c,0x3aab2285ddcddad8edf438c1bab47e1a9d05a9b4,492196061,,0
4215346,1714689543,0x5d0542be1e9c6703e4140f00a2c697d3cd02003c,0x176211869ca2b568f2a7d4ee941e073a821ee1ff,582865715516,,0
4215346,1714689543,0x5d0542be1e9c6703e4140f00a2c697d3cd02003c,0xe5d7c2a44ffddf6b295a15c148167daaaf5cf34f,203396711467373297664,,0
4215346,1714689543,0x5d0542be1e9c6703e4140f00a2c697d3cd02003c,0x580e933d90091b9ce380740e3a4a39c67eb85b4c,965894026177198195474432,,0
4215346,1714689543,0x5d0542be1e9c6703e4140f00a2c697d3cd02003c,0x3aab2285ddcddad8edf438c1bab47e1a9d05a9b4,492196061,,0
4215657,1714690476,0x5d0542be1e9c6703e4140f00a2c697d3cd02003c,0x176211869ca2b568f2a7d4ee941e073a821ee1ff,582865715516,,0
4215657,1714690476,0x5d0542be1e9c6703e4140f00a2c697d3cd02003c,0xe5d7c2a44ffddf6b295a15c148167daaaf5cf34f,203396711467373297664,,0
4215657,1714690476,0x5d0542be1e9c6703e4140f00a2c697d3cd02003c,0x580e933d90091b9ce380740e3a4a39c67eb85b4c,965894026177198195474432,,0
4215657,1714690476,0x5d0542be1e9c6703e4140f00a2c697d3cd02003c,0x3aab2285ddcddad8edf438c1bab47e1a9d05a9b4,492196061,,0
4215968,1714691410,0x5d0542be1e9c6703e4140f00a2c697d3cd02003c,0x176211869ca2b568f2a7d4ee941e073a821ee1ff,582865715516,,0
4215968,1714691410,0x5d0542be1e9c6703e4140f00a2c697d3cd02003c,0xe5d7c2a44ffddf6b295a15c148167daaaf5cf34f,203396711467373297664,,0
4215968,1714691410,0x5d0542be1e9c6703e4140f00a2c697d3cd02003c,0x580e933d90091b9ce380740e3a4a39c67eb85b4c,965894026177198195474432,,0
4215968,1714691410,0x5d0542be1e9c6703e4140f00a2c697d3cd02003c,0x3aab2285ddcddad8edf438c1bab47e1a9d05a9b4,492196061,,0
4216279,1714692343,0x5d0542be1e9c6703e4140f00a2c697d3cd02003c,0x176211869ca2b568f2a7d4ee941e073a821ee1ff,582865715516,,0
4216279,1714692343,0x5d0542be1e9c6703e4140f00a2c697d3cd02003c,0xe5d7c2a44ffddf6b295a15c148167daaaf5cf34f,203396711467373297664,,0
4216279,1714692343,0x5d0542be1e9c6703e4140f00a2c697d3cd02003c,0x580e933d90091b9ce380740e3a4a39c67eb85b4c,965894026177198195474432,,0
4216279,1714692343,0x5d0542be1e9c6703e4140f00a2c697d3cd02003c,0x3aab2285ddcddad8edf438c1bab47e1a9d05a9b4,492196061,,0
4216590,1714693278,0x5d0542be1e9c6703e4140f00a2c697d3cd02003c,0x176211869ca2b568f2a7d4ee941e073a821ee1ff,582865715516,,0
4216590,1714693278,0x5d0542be1e9c6703e4140f00a2c697d3cd02003c,0xe5d7c2a44ffddf6b295a15c148167daaaf5cf34f,203396711467373297664,,0
4216590,1714693278,0x5d0542be1e9c6703e4140f00a2c697d3cd02003c,0x580e933d90091b9ce380740e3a4a39c67eb85b4c,965894026177198195474432,,0
4216590,1714693278,0x5d0542be1e9c6703e4140f00a2c697d3cd02003c,0x3aab2285ddcddad8edf438c1bab47e1a9d05a9b4,492196061,,0
4216901,1714694213,0x5d0542be1e9c6703e4140f00a2c697d3cd02003c,0x176211869ca2b568f2a7d4ee941e073a821ee1ff,582671756443,,0
4216901,1714694213,0x5d0542be1e9c6703e4140f00a2c697d3cd02003c,0xe5d7c2a44ffddf6b295a15c148167daaaf5cf34f,203461700316692168704,,0
4216901,1714694213,0x5d0542be1e9c6703e4140f00a2c697d3cd02003c,0x580e933d90091b9ce380740e3a4a39c67eb85b4c,965894026177198195474432,,0
4216901,1714694213,0x5d0542be1e9c6703e4140f00a2c697d3cd02003c,0x3aab2285ddcddad8edf438c1bab47e1a9d05a9b4,492196061,,0
4217212,1714695146,0x5d0542be1e9c6703e4140f00a2c697d3cd02003c,0x176211869ca2b568f2a7d4ee941e073a821ee1ff,582671756443,,0
4217212,1714695146,0x5d0542be1e9c6703e4140f00a2c697d3cd02003c,0xe5d7c2a44ffddf6b295a15c148167daaaf5cf34f,203461700316692168704,,0
4217212,1714695146,0x5d0542be1e9c6703e4140f00a2c697d3cd02003c,0x580e933d90091b9ce380740e3a4a39c67eb85b4c,965894026177198195474432,,0
4217212,1714695146,0x5d0542be1e9c6703e4140f00a2c697d3cd02003c,0x3aab2285ddcddad8edf438c1bab47e1a9d05a9b4,492196061,,0
4217523,1714696079,0x5d0542be1e9c6703e4140f00a2c697d3cd02003c,0x176211869ca2b568f2a7d4ee941e073a821ee1ff,582671756443,,0
4217523,1714696079,0x5d0542be1e9c6703e4140f00a2c697d3cd02003c,0xe5d7c2a44ffddf6b295a15c148167daaaf5cf34f,203461700316692168704,,0
4217523,1714696079,0x5d0542be1e9c6703e4140f00a2c697d3cd02003c,0x580e933d90091b9ce380740e3a4a39c67eb85b4c,965894026177198195474432,,0
4217523,1714696079,0x5d0542be1e9c6703e4140f00a2c697d3cd02003c,0x3aab2285ddcddad8edf438c1bab47e1a9d05a9b4,492196061,,0
4217834,1714697012,0x5d0542be1e9c6703e4140f00a2c697d3cd02003c,0x176211869ca2b568f2a7d4ee941e073a821ee1ff,582671756443,,0
4217834,1714697012,0x5d0542be1e9c6703e4140f00a2c697d3cd02003c,0xe5d7c2a44ffddf6b295a15c148167daaaf5cf34f,203461700316692168704,,0
4217834,1714697012,0x5d0542be1e9c6703e4140f00a2c697d3cd02003c,0x580e933d90091b9ce380740e3a4a39c67eb85b4c,965894026177198195474432,,0
4217834,1714697012,0x5d0542be1e9c6703e4140f00a2c697d3cd02003c,0x3aab2285ddcddad8edf438c1bab47e1a9d05a9b4,492196061,,0
4218145,1714697945,0x5d0542be1e9c6703e4140f00a2c697d3cd02003c,0x176211869ca2b568f2a7d4ee941e073a821ee1ff,582671756443,,0
4218145,1714697945,0x5d0542be1e9c6703e4140f00a2c697d3cd02003c,0xe5d7c2a44ffddf6b295a15c148167daaaf5cf34f,203461700316692168704,,0
4218145,1714697945,0x5d0542be1e9c6703e4140f00a2c697d3cd02003c,0x580e933d90091b9ce380740e3a4a39c67eb85b4c,965894026177198195474432,,0
4218145,1714697945,0x5d0542be1e9c6703e4140f00a2c697d3cd02003c,0x3aab2285ddcddad8edf438c1bab47e1a9d05a9b4,492196061,,0
4218456,1714698878,0x5d0542be1e9c6703e4140f00a2c697d3cd02003c,0x176211869ca2b568f2a7d4ee941e073a821ee1ff,582671756443,,0
4218456,1714698878,0x5d0542be1e9c6703e4140f00a2c697d3cd02003c,0xe5d7c2a44ffddf6b295a15c148167daaaf5cf34f,203461700316692168704,,0
4218456,1714698878,0x5d0542be1e9c6703e4140f00a2c697d3cd02003c,0x580e933d90091b9ce380740e3a4a39c67eb85b4c,965894026177198195474432,,0
4218456,1714698878,0x5d0542be1e9c6703e4140f00a2c697d3cd02003c,0x3aab2285ddcddad8edf438c1bab47e1a9d05a9b4,492196061,,0
4218767,1714699811,0x5d0542be1e9c6703e4140f00a2c697d3cd02003c,0x176211869ca2b568f2a7d4ee941e073a821ee1ff,582671756443,,0
4218767,1714699811,0x5d0542be1e9c6703e4140f00a2c697d3cd02003c,0xe5d7c2a44ffddf6b295a15c148167daaaf5cf34f,203461700316692168704,,0
4218767,1714699811,0x5d0542be1e9c6703e4140f00a2c697d3cd02003c,0x580e933d90091b9ce380740e3a4a39c67eb85b4c,965894026177198195474432,,0
4218767,1714699811,0x5d0542be1e9c6703e4140f00a2c697d3cd02003c,0x3aab2285ddcddad8edf438c1bab47e1a9d05a9b4,492196061,,0
4219078,1714700744,0x5d0542be1e9c6703e4140f00a2c697d3cd02003c,0x176211869ca2b568f2a7d4ee941e073a821ee1ff,318533157947,,0
4219078,1714700744,0x5d0542be1e9c6703e4140f00a2c697d3cd02003c,0xe5d7c2a44ffddf6b295a15c148167daaaf5cf34f,203285003071843155968,,0
4219078,1714700744,0x5d0542be1e9c6703e4140f00a2c697d3cd02003c,0x3aab2285ddcddad8edf438c1bab47e1a9d05a9b4,492196061,,0
4219389,1714701677,0x5d0542be1e9c6703e4140f00a2c697d3cd02003c,0x176211869ca2b568f2a7d4ee941e073a821ee1ff,318533157947,,0
4219389,1714701677,0x5d0542be1e9c6703e4140f00a2c697d3cd02003c,0xe5d7c2a44ffddf6b295a15c148167daaaf5cf34f,203285003071843155968,,0
4219389,1714701677,0x5d0542be1e9c6703e4140f00a2c697d3cd02003c,0x3aab2285ddcddad8edf438c1bab47e1a9d05a9b4,492196061,,0
4219700,1714702610,0x5d0542be1e9c6703e4140f00a2c697d3cd02003c,0x176211869ca2b568f2a7d4ee941e073a821ee1ff,319116919299,,0
4219700,1714702610,0x5d0542be1e9c6703e4140f00a2c697d3cd02003c,0xe5d7c2a44ffddf6b295a15c148167daaaf5cf34f,203091459288773509120,,0
4219700,1714702610,0x5d0542be1e9c6703e4140f00a2c697d3cd02003c,0x3aab2285ddcddad8edf438c1bab47e1a9d05a9b4,492196061,,0
4220011,1714703543,0x5d0542be1e9c6703e4140f00a2c697d3cd02003c,0x176211869ca2b568f2a7d4ee941e073a821ee1ff,319523674651,,0
4220011,1714703543,0x5d0542be1e9c6703e4140f00a2c697d3cd02003c,0xe5d7c2a44ffddf6b295a15c148167daaaf5cf34f,202957018461577953280,,0
4220011,1714703543,0x5d0542be1e9c6703e4140f00a2c697d3cd02003c,0x3aab2285ddcddad8edf438c1bab47e1a9d05a9b4,492196061,,0
4220322,1714704476,0x5d0542be1e9c6703e4140f00a2c697d3cd02003c,0x176211869ca2b568f2a7d4ee941e073a821ee1ff,319386705742,,0
4220322,1714704476,0x5d0542be1e9c6703e4140f00a2c697d3cd02003c,0xe5d7c2a44ffddf6b295a15c148167daaaf5cf34f,203002523824363782144,,0
4220322,1714704476,0x5d0542be1e9c6703e4140f00a2c697d3cd02003c,0x3aab2285ddcddad8edf438c1bab47e1a9d05a9b4,492196061,,0
4220633,1714705409,0x5d0542be1e9c6703e4140f00a2c697d3cd02003c,0x176211869ca2b568f2a7d4ee941e073a821ee1ff,319386705742,,0
4220633,1714705409,0x5d0542be1e9c6703e4140f00a2c697d3cd02003c,0xe5d7c2a44ffddf6b295a15c148167daaaf5cf34f,203002523824363782144,,0
4220633,1714705409,0x5d0542be1e9c6703e4140f00a2c697d3cd02003c,0x3aab2285ddcddad8edf438c1bab47e1a9d05a9b4,492196061,,0
4220944,1714706342,0x5d0542be1e9c6703e4140f00a2c697d3cd02003c,0x176211869ca2b568f2a7d4ee941e073a821ee1ff,588870978875,,0
4220944,1714706342,0x5d0542be1e9c6703e4140f00a2c697d3cd02003c,0xe5d7c2a44ffddf6b295a15c148167daaaf5cf34f,203002523824363782144,,0
4220944,1714706342,0x5d0542be1e9c6703e4140f00a2c697d3cd02003c,0x580e933d90091b9ce380740e3a4a39c67eb85b4c,948688436396409655132160,,0
4220944,1714706342,0x5d0542be1e9c6703e4140f00a2c697d3cd02003c,0x3aab2285ddcddad8edf438c1bab47e1a9d05a9b4,492196061,,0
4221255,1714707275,0x5d0542be1e9c6703e4140f00a2c697d3cd02003c,0x176211869ca2b568f2a7d4ee941e073a821ee1ff,588870978875,,0
4221255,1714707275,0x5d0542be1e9c6703e4140f00a2c697d3cd02003c,0xe5d7c2a44ffddf6b295a15c148167daaaf5cf34f,203002523824363782144,,0
4221255,1714707275,0x5d0542be1e9c6703e4140f00a2c697d3cd02003c,0x580e933d90091b9ce380740e3a4a39c67eb85b4c,948688436396409655132160,,0
4221255,1714707275,0x5d0542be1e9c6703e4140f00a2c697d3cd02003c,0x3aab2285ddcddad8edf438c1bab47e1a9d05a9b4,492196061,,0
4221566,1714708208,0x5d0542be1e9c6703e4140f00a2c697d3cd02003c,0x176211869ca2b568f2a7d4ee941e073a821ee1ff,588870978875,,0
4221566,1714708208,0x5d0542be1e9c6703e4140f00a2c697d3cd02003c,0xe5d7c2a44ffddf6b295a15c148167daaaf5cf34f,203002523824363782144,,0
4221566,1714708208,0x5d0542be1e9c6703e4140f00a2c697d3cd02003c,0x580e933d90091b9ce380740e3a4a39c67eb85b4c,948688436396409655132160,,0
4221566,1714708208,0x5d0542be1e9c6703e4140f00a2c697d3cd02003c,0x3aab2285ddcddad8edf438c1bab47e1a9d05a9b4,492196061,,0
4221877,1714709141,0x5d0542be1e9c6703e4140f00a2c697d3cd02003c,0x176211869ca2b568f2a7d4ee941e073a821ee1ff,588870978875,,0
4221877,1714709141,0x5d0542be1e9c6703e4140f00a2c697d3cd02003c,0xe5d7c2a44ffddf6b295a15c148167daaaf5cf34f,203002523824363782144,,0
4221877,1714709141,0x5d0542be1e9c6703e4140f00a2c697d3cd02003c,0x580e933d90091b9ce380740e3a4a39c67eb85b4c,948688436396409655132160,,0
4221877,1714709141,0x5d0542be1e9c6703e4140f00a2c697d3cd02003c,0x3aab2285ddcddad8edf438c1bab47e1a9d05a9b4,492196061,,0
4222188,1714710074,0x5d0542be1e9c6703e4140f00a2c697d3cd02003c,0x176211869ca2b568f2a7d4ee941e073a821ee1ff,588749913098,,0
4222188,1714710074,0x5d0542be1e9c6703e4140f00a2c697d3cd02003c,0xe5d7c2a44ffddf6b295a15c148167daaaf5cf34f,203042778228339703808,,0
4222188,1714710074,0x5d0542be1e9c6703e4140f00a2c697d3cd02003c,0x580e933d90091b9ce380740e3a4a39c67eb85b4c,948688436396409655132160,,0
4222188,1714710074,0x5d0542be1e9c6703e4140f00a2c697d3cd02003c,0x3aab2285ddcddad8edf438c1bab47e1a9d05a9b4,492196061,,0
4222499,1714711007,0x5d0542be1e9c6703e4140f00a2c697d3cd02003c,0x176211869ca2b568f2a7d4ee941e073a821ee1ff,588749913098,,0
4222499,1714711007,0x5d0542be1e9c6703e4140f00a2c697d3cd02003c,0xe5d7c2a44ffddf6b295a15c148167daaaf5cf34f,203042778228339703808,,0
4222499,1714711007,0x5d0542be1e9c6703e4140f00a2c697d3cd02003c,0x580e933d90091b9ce380740e3a4a39c67eb85b4c,948688436396409655132160,,0
4222499,1714711007,0x5d0542be1e9c6703e4140f00a2c697d3cd02003c,0x3aab2285ddcddad8edf438c1bab47e1a9d05a9b4,492196061,,0
4222810,1714711940,0x5d0542be1e9c6703e4140f00a2c697d3cd02003c,0x176211869ca2b568f2a7d4ee941e073a821ee1ff,588404760694,,0
4222810,1714711940,0x5d0542be1e9c6703e4140f00a2c697d3cd02003c,0xe5d7c2a44ffddf6b295a15c148167daaaf5cf34f,203157709504703528960,,0
4222810,1714711940,0x5d0542be1e9c6703e4140f00a2c697d3cd02003c,0x580e933d90091b9ce380740e3a4a39c67eb85b4c,948688436396409655132160,,0
4222810,1714711940,0x5d0542be1e9c6703e4140f00a2c697d3cd02003c,0x3aab2285ddcddad8edf438c1bab47e1a9d05a9b4,492196061,,0
4223121,1714712873,0x5d0542be1e9c6703e4140f00a2c697d3cd02003c,0x176211869ca2b568f2a7d4ee941e073a821ee1ff,587610048897,,0
4223121,1714712873,0x5d0542be1e9c6703e4140f00a2c697d3cd02003c,0xe5d7c2a44ffddf6b295a15c148167daaaf5cf34f,203423287022299267072,,0
4223121,1714712873,0x5d0542be1e9c6703e4140f00a2c697d3cd02003c,0x580e933d90091b9ce380740e3a4a39c67eb85b4c,948688436396409655132160,,0
4223121,1714712873,0x5d0542be1e9c6703e4140f00a2c697d3cd02003c,0x3aab2285ddcddad8edf438c1bab47e1a9d05a9b4,492196061,,0
4223432,1714713806,0x5d0542be1e9c6703e4140f00a2c697d3cd02003c,0x176211869ca2b568f2a7d4ee941e073a821ee1ff,588228954122,,0
4223432,1714713806,0x5d0542be1e9c6703e4140f00a2c697d3cd02003c,0xe5d7c2a44ffddf6b295a15c148167daaaf5cf34f,203244801014215901184,,0
4223432,1714713806,0x5d0542be1e9c6703e4140f00a2c697d3cd02003c,0x580e933d90091b9ce380740e3a4a39c67eb85b4c,948688436396409655132160,,0
4223432,1714713806,0x5d0542be1e9c6703e4140f00a2c697d3cd02003c,0x3aab2285ddcddad8edf438c1bab47e1a9d05a9b4,492059419,,0
4223743,1714714739,0x5d0542be1e9c6703e4140f00a2c697d3cd02003c,0x176211869ca2b568f2a7d4ee941e073a821ee1ff,588228954122,,0
4223743,1714714739,0x5d0542be1e9c6703e4140f00a2c697d3cd02003c,0xe5d7c2a44ffddf6b295a15c148167daaaf5cf34f,203244801014215901184,,0
4223743,1714714739,0x5d0542be1e9c6703e4140f00a2c697d3cd02003c,0x580e933d90091b9ce380740e3a4a39c67eb85b4c,948688436396409655132160,,0
4223743,1714714739,0x5d0542be1e9c6703e4140f00a2c697d3cd02003c,0x3aab2285ddcddad8edf438c1bab47e1a9d05a9b4,492059419,,0
4224054,1714715672,0x5d0542be1e9c6703e4140f00a2c697d3cd02003c,0x176211869ca2b568f2a7d4ee941e073a821ee1ff,588228954122,,0
4224054,1714715672,0x5d0542be1e9c6703e4140f00a2c697d3cd02003c,0xe5d7c2a44ffddf6b295a15c148167daaaf5cf34f,203244801014215901184,,0
4224054,1714715672,0x5d0542be1e9c6703e4140f00a2c697d3cd02003c,0x580e933d90091b9ce380740e3a4a39c67eb85b4c,948688436396409655132160,,0
4224054,1714715672,0x5d0542be1e9c6703e4140f00a2c697d3cd02003c,0x3aab2285ddcddad8edf438c1bab47e1a9d05a9b4,492059419,,0
4224365,1714716605,0x5d0542be1e9c6703e4140f00a2c697d3cd02003c,0x176211869ca2b568f2a7d4ee941e073a821ee1ff,588132712751,,0
4224365,1714716605,0x5d0542be1e9c6703e4140f00a2c697d3cd02003c,0xe5d7c2a44ffddf6b295a15c148167daaaf5cf34f,203330549451169775616,,0
4224365,1714716605,0x5d0542be1e9c6703e4140f00a2c697d3cd02003c,0x580e933d90091b9ce380740e3a4a39c67eb85b4c,948688436396409655132160,,0
4224365,1714716605,0x5d0542be1e9c6703e4140f00a2c697d3cd02003c,0x3aab2285ddcddad8edf438c1bab47e1a9d05a9b4,491788914,,0
4224676,1714717538,0x5d0542be1e9c6703e4140f00a2c697d3cd02003c,0x176211869ca2b568f2a7d4ee941e073a821ee1ff,587715051825,,0
4224676,1714717538,0x5d0542be1e9c6703e4140f00a2c697d3cd02003c,0xe5d7c2a44ffddf6b295a15c148167daaaf5cf34f,203498844858773897216,,0
4224676,1714717538,0x5d0542be1e9c6703e4140f00a2c697d3cd02003c,0x580e933d90091b9ce380740e3a4a39c67eb85b4c,948688436396409655132160,,0
4224676,1714717538,0x5d0542be1e9c6703e4140f00a2c697d3cd02003c,0x3aab2285ddcddad8edf438c1bab47e1a9d05a9b4,491644527,,0
4224987,1714718471,0x5d0542be1e9c6703e4140f00a2c697d3cd02003c,0x176211869ca2b568f2a7d4ee941e073a821ee1ff,587554470317,,0
4224987,1714718471,0x5d0542be1e9c6703e4140f00a2c697d3cd02003c,0xe5d7c2a44ffddf6b295a15c148167daaaf5cf34f,203552634914095792128,,0
4224987,1714718471,0x5d0542be1e9c6703e4140f00a2c697d3cd02003c,0x580e933d90091b9ce380740e3a4a39c67eb85b4c,948688436396409655132160,,0
4224987,1714718471,0x5d0542be1e9c6703e4140f00a2c697d3cd02003c,0x3aab2285ddcddad8edf438c1bab47e1a9d05a9b4,491644527,,0
4225298,1714719404,0x5d0542be1e9c6703e4140f00a2c697d3cd02003c,0x176211869ca2b568f2a7d4ee941e073a821ee1ff,587529229460,,0
4225298,1714719404,0x5d0542be1e9c6703e4140f00a2c697d3cd02003c,0xe5d7c2a44ffddf6b295a15c148167daaaf5cf34f,203561094804648001536,,0
4225298,1714719404,0x5d0542be1e9c6703e4140f00a2c697d3cd02003c,0x580e933d90091b9ce380740e3a4a39c67eb85b4c,948688436396409655132160,,0
4225298,1714719404,0x5d0542be1e9c6703e4140f00a2c697d3cd02003c,0x3aab2285ddcddad8edf438c1bab47e1a9d05a9b4,491644527,,0
4225609,1714720337,0x5d0542be1e9c6703e4140f00a2c697d3cd02003c,0x176211869ca2b568f2a7d4ee941e073a821ee1ff,587529229460,,0
4225609,1714720337,0x5d0542be1e9c6703e4140f00a2c697d3cd02003c,0xe5d7c2a44ffddf6b295a15c148167daaaf5cf34f,203607036033188380672,,0
4225609,1714720337,0x5d0542be1e9c6703e4140f00a2c697d3cd02003c,0x580e933d90091b9ce380740e3a4a39c67eb85b4c,948688436396409655132160,,0
4225609,1714720337,0x5d0542be1e9c6703e4140f00a2c697d3cd02003c,0x3aab2285ddcddad8edf438c1bab47e1a9d05a9b4,491413138,,0
4225920,1714721270,0x5d0542be1e9c6703e4140f00a2c697d3cd02003c,0x176211869ca2b568f2a7d4ee941e073a821ee1ff,587529229460,,0
4225920,1714721270,0x5d0542be1e9c6703e4140f00a2c697d3cd02003c,0xe5d7c2a44ffddf6b295a15c148167daaaf5cf34f,203607036033188380672,,0
4225920,1714721270,0x5d0542be1e9c6703e4140f00a2c697d3cd02003c,0x580e933d90091b9ce380740e3a4a39c67eb85b4c,948688436396409655132160,,0
4225920,1714721270,0x5d0542be1e9c6703e4140f00a2c697d3cd02003c,0x3aab2285ddcddad8edf438c1bab47e1a9d05a9b4,491413138,,0
4226231,1714722203,0x5d0542be1e9c6703e4140f00a2c697d3cd02003c,0x176211869ca2b568f2a7d4ee941e073a821ee1ff,587170948836,,0
4226231,1714722203,0x5d0542be1e9c6703e4140f00a2c697d3cd02003c,0xe5d7c2a44ffddf6b295a15c148167daaaf5cf34f,203727264793141182464,,0
4226231,1714722203,0x5d0542be1e9c6703e4140f00a2c697d3cd02003c,0x580e933d90091b9ce380740e3a4a39c67eb85b4c,948688436396409655132160,,0
4226231,1714722203,0x5d0542be1e9c6703e4140f00a2c697d3cd02003c,0x3aab2285ddcddad8edf438c1bab47e1a9d05a9b4,491413138,,0
4226542,1714723136,0x5d0542be1e9c6703e4140f00a2c697d3cd02003c,0x176211869ca2b568f2a7d4ee941e073a821ee1ff,586612707933,,0
4226542,1714723136,0x5d0542be1e9c6703e4140f00a2c697d3cd02003c,0xe5d7c2a44ffddf6b295a15c148167daaaf5cf34f,203958996194487992320,,0
4226542,1714723136,0x5d0542be1e9c6703e4140f00a2c697d3cd02003c,0x580e933d90091b9ce380740e3a4a39c67eb85b4c,948688436396409655132160,,0
4226542,1714723136,0x5d0542be1e9c6703e4140f00a2c697d3cd02003c,0x3aab2285ddcddad8edf438c1bab47e1a9d05a9b4,491192439,,0
4207882,1714667142,0x5d0542be1e9c6703e4140f00a2c697d3cd02003c,0x176211869ca2b568f2a7d4ee941e073a821ee1ff,582364693972,,0
4207882,1714667142,0x5d0542be1e9c6703e4140f00a2c697d3cd02003c,0xe5d7c2a44ffddf6b295a15c148167daaaf5cf34f,203591106472246804480,,0
4207882,1714667142,0x5d0542be1e9c6703e4140f00a2c697d3cd02003c,0x580e933d90091b9ce380740e3a4a39c67eb85b4c,965894026177198195474432,,0
4207882,1714667142,0x5d0542be1e9c6703e4140f00a2c697d3cd02003c,0x3aab2285ddcddad8edf438c1bab47e1a9d05a9b4,492055738,,0
4208193,1714668075,0x5d0542be1e9c6703e4140f00a2c697d3cd02003c,0x176211869ca2b568f2a7d4ee941e073a821ee1ff,582364693972,,0
4208193,1714668075,0x5d0542be1e9c6703e4140f00a2c697d3cd02003c,0xe5d7c2a44ffddf6b295a15c148167daaaf5cf34f,203591106472246804480,,0
4208193,1714668075,0x5d0542be1e9c6703e4140f00a2c697d3cd02003c,0x580e933d90091b9ce380740e3a4a39c67eb85b4c,965894026177198195474432,,0
4208193,1714668075,0x5d0542be1e9c6703e4140f00a2c697d3cd02003c,0x3aab2285ddcddad8edf438c1bab47e1a9d05a9b4,492055738,,0
4208504,1714669008,0x5d0542be1e9c6703e4140f00a2c697d3cd02003c,0x176211869ca2b568f2a7d4ee941e073a821ee1ff,582364693972,,0
4208504,1714669008,0x5d0542be1e9c6703e4140f00a2c697d3cd02003c,0xe5d7c2a44ffddf6b295a15c148167daaaf5cf34f,203591106472246804480,,0
4208504,1714669008,0x5d0542be1e9c6703e4140f00a2c697d3cd02003c,0x580e933d90091b9ce380740e3a4a39c67eb85b4c,965894026177198195474432,,0
4208504,1714669008,0x5d0542be1e9c6703e4140f00a2c697d3cd02003c,0x3aab2285ddcddad8edf438c1bab47e1a9d05a9b4,492055738,,0
4208815,1714669941,0x5d0542be1e9c6703e4140f00a2c697d3cd02003c,0x176211869ca2b568f2a7d4ee941e073a821ee1ff,582364693972,,0
4208815,1714669941,0x5d0542be1e9c6703e4140f00a2c697d3cd02003c,0xe5d7c2a44ffddf6b295a15c148167daaaf5cf34f,203591106472246804480,,0
4208815,1714669941,0x5d0542be1e9c6703e4140f00a2c697d3cd02003c,0x580e933d90091b9ce380740e3a4a39c67eb85b4c,965894026177198195474432,,0
4208815,1714669941,0x5d0542be1e9c6703e4140f00a2c697d3cd02003c,0x3aab2285ddcddad8edf438c1bab47e1a9d05a9b4,492055738,,0



4207882,1714667142,0x5d0542be1e9c6703e4140f00a2c697d3cd02003c,0x176211869ca2b568f2a7d4ee941e073a821ee1ff,1154381587742,,0
4207882,1714667142,0x5d0542be1e9c6703e4140f00a2c697d3cd02003c,0xe5d7c2a44ffddf6b295a15c148167daaaf5cf34f,203591106472246804480,,0
4207882,1714667142,0x5d0542be1e9c6703e4140f00a2c697d3cd02003c,0x580e933d90091b9ce380740e3a4a39c67eb85b4c,965894026177198195474432,,0
4207882,1714667142,0x5d0542be1e9c6703e4140f00a2c697d3cd02003c,0x11F98c7E42A367DaB4f200d2fdc460fb445CE9a8,646995589131315972145152,,0
4207882,1714667142,0x5d0542be1e9c6703e4140f00a2c697d3cd02003c,0xa219439258ca9da29e9cc4ce5596924745e12b93,239722308868,,0
4207882,1714667142,0x5d0542be1e9c6703e4140f00a2c697d3cd02003c,0x3aab2285ddcddad8edf438c1bab47e1a9d05a9b4,492055738,,0
4208193,1714668075,0x5d0542be1e9c6703e4140f00a2c697d3cd02003c,0x176211869ca2b568f2a7d4ee941e073a821ee1ff,1154381587742,,0
4208193,1714668075,0x5d0542be1e9c6703e4140f00a2c697d3cd02003c,0xe5d7c2a44ffddf6b295a15c148167daaaf5cf34f,203591106472246804480,,0
4208193,1714668075,0x5d0542be1e9c6703e4140f00a2c697d3cd02003c,0x580e933d90091b9ce380740e3a4a39c67eb85b4c,965894026177198195474432,,0
4208193,1714668075,0x5d0542be1e9c6703e4140f00a2c697d3cd02003c,0x11F98c7E42A367DaB4f200d2fdc460fb445CE9a8,646995589131315972145152,,0
4208193,1714668075,0x5d0542be1e9c6703e4140f00a2c697d3cd02003c,0xa219439258ca9da29e9cc4ce5596924745e12b93,239722308868,,0
4208193,1714668075,0x5d0542be1e9c6703e4140f00a2c697d3cd02003c,0x3aab2285ddcddad8edf438c1bab47e1a9d05a9b4,492055738,,0
4208504,1714669008,0x5d0542be1e9c6703e4140f00a2c697d3cd02003c,0x176211869ca2b568f2a7d4ee941e073a821ee1ff,1154381587742,,0
4208504,1714669008,0x5d0542be1e9c6703e4140f00a2c697d3cd02003c,0xe5d7c2a44ffddf6b295a15c148167daaaf5cf34f,203591106472246804480,,0
4208504,1714669008,0x5d0542be1e9c6703e4140f00a2c697d3cd02003c,0x580e933d90091b9ce380740e3a4a39c67eb85b4c,965894026177198195474432,,0
4208504,1714669008,0x5d0542be1e9c6703e4140f00a2c697d3cd02003c,0x11F98c7E42A367DaB4f200d2fdc460fb445CE9a8,646995589131315972145152,,0
4208504,1714669008,0x5d0542be1e9c6703e4140f00a2c697d3cd02003c,0xa219439258ca9da29e9cc4ce5596924745e12b93,239722308868,,0
4208504,1714669008,0x5d0542be1e9c6703e4140f00a2c697d3cd02003c,0x3aab2285ddcddad8edf438c1bab47e1a9d05a9b4,492055738,,0
4208815,1714669941,0x5d0542be1e9c6703e4140f00a2c697d3cd02003c,0x176211869ca2b568f2a7d4ee941e073a821ee1ff,1154381587742,,0
4208815,1714669941,0x5d0542be1e9c6703e4140f00a2c697d3cd02003c,0xe5d7c2a44ffddf6b295a15c148167daaaf5cf34f,203591106472246804480,,0
4208815,1714669941,0x5d0542be1e9c6703e4140f00a2c697d3cd02003c,0x580e933d90091b9ce380740e3a4a39c67eb85b4c,965894026177198195474432,,0
4208815,1714669941,0x5d0542be1e9c6703e4140f00a2c697d3cd02003c,0x11F98c7E42A367DaB4f200d2fdc460fb445CE9a8,646995589131315972145152,,0
4208815,1714669941,0x5d0542be1e9c6703e4140f00a2c697d3cd02003c,0xa219439258ca9da29e9cc4ce5596924745e12b93,239722308868,,0
4208815,1714669941,0x5d0542be1e9c6703e4140f00a2c697d3cd02003c,0x3aab2285ddcddad8edf438c1bab47e1a9d05a9b4,492055738,,0
4209126,1714670874,0x5d0542be1e9c6703e4140f00a2c697d3cd02003c,0x176211869ca2b568f2a7d4ee941e073a821ee1ff,1154381587742,,0
4209126,1714670874,0x5d0542be1e9c6703e4140f00a2c697d3cd02003c,0xe5d7c2a44ffddf6b295a15c148167daaaf5cf34f,203591106472246804480,,0
4209126,1714670874,0x5d0542be1e9c6703e4140f00a2c697d3cd02003c,0x580e933d90091b9ce380740e3a4a39c67eb85b4c,965894026177198195474432,,0
4209126,1714670874,0x5d0542be1e9c6703e4140f00a2c697d3cd02003c,0x11F98c7E42A367DaB4f200d2fdc460fb445CE9a8,646995589131315972145152,,0
4209126,1714670874,0x5d0542be1e9c6703e4140f00a2c697d3cd02003c,0xa219439258ca9da29e9cc4ce5596924745e12b93,239722308868,,0
4209126,1714670874,0x5d0542be1e9c6703e4140f00a2c697d3cd02003c,0x3aab2285ddcddad8edf438c1bab47e1a9d05a9b4,492055738,,0
