user_address,token_symbol,token_balance,token_address,block_number,timestamp
0x7160570bb153edd0ea1775ec2b2ac9b65f1ab61b,usd+,29623366,0xB79DD08EA68A908A97220C76d19A6aA9cBDE4376,2461808,2024-02-23T16:19:10.000Z
0x9140a1f3f3112a4ceeda15c7d07d61fc1b6a5061,usd+,469027,0xB79DD08EA68A908A97220C76d19A6aA9cBDE4376,2461808,2024-02-23T16:19:10.000Z
0x9030d5c596d636eefc8f0ad7b2788ae7e9ef3d46,usd+,408169,0xB79DD08EA68A908A97220C76d19A6aA9cBDE4376,2461808,2024-02-23T16:19:10.000Z
0x66b5847bf79629c777a3897da98ccc284d15e33a,usd+,373116,0xB79DD08EA68A908A97220C76d19A6aA9cBDE4376,2461808,2024-02-23T16:19:10.000Z
0x2bee5c1633222f8478100bf6ab6cab6956bdcfe0,usd+,288575,0xB79DD08EA68A908A97220C76d19A6aA9cBDE4376,2461808,2024-02-23T16:19:10.000Z
0x9c67d7f69b137fe93331340203dbdaeeef4ed2f3,usd+,71506,0xB79DD08EA68A908A97220C76d19A6aA9cBDE4376,2461808,2024-02-23T16:19:10.000Z
0x9e9611c7a0178faeb44a3bb34e595507cfcd0b65,usd+,30311,0xB79DD08EA68A908A97220C76d19A6aA9cBDE4376,2461808,2024-02-23T16:19:10.000Z
0x12f9b18458b512e0896359b23850aab535ed8f7f,usd+,16143,0xB79DD08EA68A908A97220C76d19A6aA9cBDE4376,2461808,2024-02-23T16:19:10.000Z
0x10f43fb8e0f85e3263c6a2adafb51cbfe8115746,usd+,15043,0xB79DD08EA68A908A97220C76d19A6aA9cBDE4376,2461808,2024-02-23T16:19:10.000Z
0x5d20e2ca1b3f3a138e5f0f2225a7d8cbb281de59,usd+,14052,0xB79DD08EA68A908A97220C76d19A6aA9cBDE4376,2461808,2024-02-23T16:19:10.000Z
0x8cfb598dad268e95ac449ace1752120a2de77b49,usd+,11733,0xB79DD08EA68A908A97220C76d19A6aA9cBDE4376,2461808,2024-02-23T16:19:10.000Z
0xa61e3e3463a68dacfabb4172b1718cbdb5889bba,usd+,9029,0xB79DD08EA68A908A97220C76d19A6aA9cBDE4376,2461808,2024-02-23T16:19:10.000Z
0xa155f12d3be29bf20b615e1e7f066ae9e3c5239a,usd+,7881,0xB79DD08EA68A908A97220C76d19A6aA9cBDE4376,2461808,2024-02-23T16:19:10.000Z
0xe7802d58698e0f69219b82e140208fc2108fbfbb,usd+,6939,0xB79DD08EA68A908A97220C76d19A6aA9cBDE4376,2461808,2024-02-23T16:19:10.000Z
0xdc03ede03a2f2949cc58396afdab18f88461f344,usd+,6735,0xB79DD08EA68A908A97220C76d19A6aA9cBDE4376,2461808,2024-02-23T16:19:10.000Z
0xcaffe5b3e562dd89a5ab34411b84863d0f3c7be9,usd+,4423,0xB79DD08EA68A908A97220C76d19A6aA9cBDE4376,2461808,2024-02-23T16:19:10.000Z
0x5cbcdef9fe22ad5e369bc223cd45be86dd9cff7b,usd+,1988,0xB79DD08EA68A908A97220C76d19A6aA9cBDE4376,2461808,2024-02-23T16:19:10.000Z
0xf5dc676cceed2c622f9d3f6edb0cef574c241edf,usd+,1604,0xB79DD08EA68A908A97220C76d19A6aA9cBDE4376,2461808,2024-02-23T16:19:10.000Z
0x569e2cc645fc374e23e7300d7bfbbc5f98aacb4a,usd+,1280,0xB79DD08EA68A908A97220C76d19A6aA9cBDE4376,2461808,2024-02-23T16:19:10.000Z
0x924a4478d927824325802dafe81e309f35001718,usd+,1198,0xB79DD08EA68A908A97220C76d19A6aA9cBDE4376,2461808,2024-02-23T16:19:10.000Z
0x38071e24edbf4798a0248bc4932abec25871cbc6,usd+,843,0xB79DD08EA68A908A97220C76d19A6aA9cBDE4376,2461808,2024-02-23T16:19:10.000Z
0xa63c9e3687a4a028dda0b74955f1a54ee23f0ea2,usd+,806,0xB79DD08EA68A908A97220C76d19A6aA9cBDE4376,2461808,2024-02-23T16:19:10.000Z
0x1d8b6fa722230153be08c4fa4aa4b4c7cd01a95a,usd+,797,0xB79DD08EA68A908A97220C76d19A6aA9cBDE4376,2461808,2024-02-23T16:19:10.000Z
0x75859972675ecce0358a27fd169df66295511629,usd+,701,0xB79DD08EA68A908A97220C76d19A6aA9cBDE4376,2461808,2024-02-23T16:19:10.000Z
0x30b983e5a58dcbecd71a49a6eba5f99f5fab4ef7,usd+,445,0xB79DD08EA68A908A97220C76d19A6aA9cBDE4376,2461808,2024-02-23T16:19:10.000Z
0xe25b0db6269814a4c9b62d232e491af653bb4c3e,usd+,431,0xB79DD08EA68A908A97220C76d19A6aA9cBDE4376,2461808,2024-02-23T16:19:10.000Z
0x9d2547c76abe3fc2ade410ac01e0718b21f59b90,usd+,359,0xB79DD08EA68A908A97220C76d19A6aA9cBDE4376,2461808,2024-02-23T16:19:10.000Z
0x90cfa68f4fc20c2dea2d71f8d0dcc2adfffac07d,usd+,179,0xB79DD08EA68A908A97220C76d19A6aA9cBDE4376,2461808,2024-02-23T16:19:10.000Z
0x87bbdfa49522e653f46b8b8a8af8721830f7d0fa,usd+,119,0xB79DD08EA68A908A97220C76d19A6aA9cBDE4376,2461808,2024-02-23T16:19:10.000Z
0x9cd40ef35944828e2477c61c80327e80c3ccf7e1,usd+,69,0xB79DD08EA68A908A97220C76d19A6aA9cBDE4376,2461808,2024-02-23T16:19:10.000Z
0x8f7084f522915d5109c1ae8c695fcc191992c92d,usd+,46,0xB79DD08EA68A908A97220C76d19A6aA9cBDE4376,2461808,2024-02-23T16:19:10.000Z
0xe38967ea5a1ed47d55089f40e76ca537bfccb44e,usd+,41,0xB79DD08EA68A908A97220C76d19A6aA9cBDE4376,2461808,2024-02-23T16:19:10.000Z
0x580810e06e28785515b4a0a38b2880daa23c888c,usd+,41,0xB79DD08EA68A908A97220C76d19A6aA9cBDE4376,2461808,2024-02-23T16:19:10.000Z
0x6e17037eacdab654406a43219470d4b017777777,usd+,41,0xB79DD08EA68A908A97220C76d19A6aA9cBDE4376,2461808,2024-02-23T16:19:10.000Z
0x75d9e1b1b734109a152ef0a8b5071349357cb4fc,usd+,15,0xB79DD08EA68A908A97220C76d19A6aA9cBDE4376,2461808,2024-02-23T16:19:10.000Z
0x1178ffcaab5f6cda3a38184695527fcf28888888,usd+,10,0xB79DD08EA68A908A97220C76d19A6aA9cBDE4376,2461808,2024-02-23T16:19:10.000Z
0xd2fbf1cda8abe3a315fe3b1e3c11b03076666666,usd+,10,0xB79DD08EA68A908A97220C76d19A6aA9cBDE4376,2461808,2024-02-23T16:19:10.000Z
0xc30643e40fef1085334618a3e547a183c59cc26a,usd+,1,0xB79DD08EA68A908A97220C76d19A6aA9cBDE4376,2461808,2024-02-23T16:19:10.000Z
0x4d55cc09db8207cbb954326a064a43876fc627d0,usd+,1,0xB79DD08EA68A908A97220C76d19A6aA9cBDE4376,2461808,2024-02-23T16:19:10.000Z
0x9030d5c596d636eefc8f0ad7b2788ae7e9ef3d46,usdt+,38216150,0x1E1F509963A6D33e169D9497b11c7DbFe73B7F13,2461808,2024-02-23T16:19:10.000Z
0xc25a92d948990caba6e9c0fbe1402a481a77adff,usdt+,30564910,0x1E1F509963A6D33e169D9497b11c7DbFe73B7F13,2461808,2024-02-23T16:19:10.000Z
0xad501dbd0997864c2ae51fb664147a725f67281d,usdt+,28593801,0x1E1F509963A6D33e169D9497b11c7DbFe73B7F13,2461808,2024-02-23T16:19:10.000Z
0xb4a3c2debfc033ee3399ad6adf0b4fc74db92baa,usdt+,8433035,0x1E1F509963A6D33e169D9497b11c7DbFe73B7F13,2461808,2024-02-23T16:19:10.000Z
0x82ab7941ec83835ee6e889de039225d21df11ac4,usdt+,2972629,0x1E1F509963A6D33e169D9497b11c7DbFe73B7F13,2461808,2024-02-23T16:19:10.000Z
0xfe68ef63f265b5b96d3139a1401af9974f405606,usdt+,2266341,0x1E1F509963A6D33e169D9497b11c7DbFe73B7F13,2461808,2024-02-23T16:19:10.000Z
0x303bba17d8867b0a76ae2b8fb4e9ee9bc7714391,usdt+,299210,0x1E1F509963A6D33e169D9497b11c7DbFe73B7F13,2461808,2024-02-23T16:19:10.000Z
0x6d75b5c51c41d5361f5729a2d453fee4ef40e652,usdt+,250862,0x1E1F509963A6D33e169D9497b11c7DbFe73B7F13,2461808,2024-02-23T16:19:10.000Z
0xa155f12d3be29bf20b615e1e7f066ae9e3c5239a,usdt+,6587,0x1E1F509963A6D33e169D9497b11c7DbFe73B7F13,2461808,2024-02-23T16:19:10.000Z
0xe18793cc7f72b7e7442108c66e0ccabe4f678112,usdt+,847,0x1E1F509963A6D33e169D9497b11c7DbFe73B7F13,2461808,2024-02-23T16:19:10.000Z
0x167b04eafeff1150f1dcedb2eb0c292aba7b3bcc,usdt+,2,0x1E1F509963A6D33e169D9497b11c7DbFe73B7F13,2461808,2024-02-23T16:19:10.000Z
0xa44a057068f0356aec3f180faea6ce132bdd7710,usdt+,1,0x1E1F509963A6D33e169D9497b11c7DbFe73B7F13,2461808,2024-02-23T16:19:10.000Z
0x768d8ffe55967ab834eaefc7fae51089a760a1cc,usdt+,1,0x1E1F509963A6D33e169D9497b11c7DbFe73B7F13,2461808,2024-02-23T16:19:10.000Z
0xc5115948377ecd95aa7357592e48a48ad775ae02,usdt+,1,0x1E1F509963A6D33e169D9497b11c7DbFe73B7F13,2461808,2024-02-23T16:19:10.000Z
0x395114be41bf7f4611a387bbc38be8c127f9589e,usdt+,1,0x1E1F509963A6D33e169D9497b11c7DbFe73B7F13,2461808,2024-02-23T16:19:10.000Z
0xd98ea6e2f22ec3758723afcc3ac5d50dd55f24d7,usdt+,1,0x1E1F509963A6D33e169D9497b11c7DbFe73B7F13,2461808,2024-02-23T16:19:10.000Z
0xf609fc3824cc726cb211852c47049405c4229f98,usdt+,1,0x1E1F509963A6D33e169D9497b11c7DbFe73B7F13,2461808,2024-02-23T16:19:10.000Z
0x3c6ccab556f752cb7fa6f34e230db6d4a3cca6d5,usdt+,1,0x1E1F509963A6D33e169D9497b11c7DbFe73B7F13,2461808,2024-02-23T16:19:10.000Z
0xa31741a6d14bb44142c5983c61c5c36ef1ec1038,usdt+,1,0x1E1F509963A6D33e169D9497b11c7DbFe73B7F13,2461808,2024-02-23T16:19:10.000Z
0x19b46688f2b67568b7b5eb3ab515a821e447fa21,usdt+,1,0x1E1F509963A6D33e169D9497b11c7DbFe73B7F13,2461808,2024-02-23T16:19:10.000Z
0x0e0667b258cc8abca44cf3fe2e50201f78155de0,usdt+,1,0x1E1F509963A6D33e169D9497b11c7DbFe73B7F13,2461808,2024-02-23T16:19:10.000Z
0x88356b9c9939f52ff86e4a7e64f1cebcbd77ab56,usdt+,1,0x1E1F509963A6D33e169D9497b11c7DbFe73B7F13,2461808,2024-02-23T16:19:10.000Z
0x14468268eee6f15c2a9c262d0ed83b420ee6eb5e,usdt+,1,0x1E1F509963A6D33e169D9497b11c7DbFe73B7F13,2461808,2024-02-23T16:19:10.000Z
0x152db821dc0eb2cccd2392a0350e5e2da2663412,usdt+,1,0x1E1F509963A6D33e169D9497b11c7DbFe73B7F13,2461808,2024-02-23T16:19:10.000Z
0x9030d5c596d636eefc8f0ad7b2788ae7e9ef3d46,usd+,90494263,0xB79DD08EA68A908A97220C76d19A6aA9cBDE4376,2561808,2024-02-28T07:25:53.000Z
0x9140a1f3f3112a4ceeda15c7d07d61fc1b6a5061,usd+,970349,0xB79DD08EA68A908A97220C76d19A6aA9cBDE4376,2561808,2024-02-28T07:25:53.000Z
0x66b5847bf79629c777a3897da98ccc284d15e33a,usd+,934162,0xB79DD08EA68A908A97220C76d19A6aA9cBDE4376,2561808,2024-02-28T07:25:53.000Z
0xca0073964efe7f9422ceb16901018b1db0cc4785,usd+,216306,0xB79DD08EA68A908A97220C76d19A6aA9cBDE4376,2561808,2024-02-28T07:25:53.000Z
0xe771140d35296e2f75279acdb46493b456022a4c,usd+,210310,0xB79DD08EA68A908A97220C76d19A6aA9cBDE4376,2561808,2024-02-28T07:25:53.000Z
0x5f0853d2e4b16c07b79149f803ddd9ec32f66a5c,usd+,107911,0xB79DD08EA68A908A97220C76d19A6aA9cBDE4376,2561808,2024-02-28T07:25:53.000Z
0xec94b4c079daffb8581ecba1fd60e581d20de4b2,usd+,97062,0xB79DD08EA68A908A97220C76d19A6aA9cBDE4376,2561808,2024-02-28T07:25:53.000Z
0xca17438ebe084117466c37a2fdd48701776487cf,usd+,96038,0xB79DD08EA68A908A97220C76d19A6aA9cBDE4376,2561808,2024-02-28T07:25:53.000Z
0xd9d3607cb0b1e7ed140f2c3793e070fb288bdc69,usd+,70642,0xB79DD08EA68A908A97220C76d19A6aA9cBDE4376,2561808,2024-02-28T07:25:53.000Z
0x94cc7e633a657433b416d0647143b65c7414eab7,usd+,44858,0xB79DD08EA68A908A97220C76d19A6aA9cBDE4376,2561808,2024-02-28T07:25:53.000Z
0x23d3c0d5e8226f18bf58bb3c68b149b3d7385936,usd+,39756,0xB79DD08EA68A908A97220C76d19A6aA9cBDE4376,2561808,2024-02-28T07:25:53.000Z
0x914c6d810ddc85e4d8c57dfa3cbd26a9961d51ed,usd+,33311,0xB79DD08EA68A908A97220C76d19A6aA9cBDE4376,2561808,2024-02-28T07:25:53.000Z
0x8683c14593abf6f7d0be51e8bc77eedf5d67d345,usd+,31593,0xB79DD08EA68A908A97220C76d19A6aA9cBDE4376,2561808,2024-02-28T07:25:53.000Z
0x0691d162678e13132c2d0ddf23bba87a3905751f,usd+,31367,0xB79DD08EA68A908A97220C76d19A6aA9cBDE4376,2561808,2024-02-28T07:25:53.000Z
0x671ccccfe94d8b056390c51bd578a27c95858dbc,usd+,31159,0xB79DD08EA68A908A97220C76d19A6aA9cBDE4376,2561808,2024-02-28T07:25:53.000Z
0xdbf1a5096dbc2f211e9bee65538473aabf94b505,usd+,30601,0xB79DD08EA68A908A97220C76d19A6aA9cBDE4376,2561808,2024-02-28T07:25:53.000Z
0x2a0e679d3ce1277bdf3653d169bdff7bdd727ff0,usd+,27354,0xB79DD08EA68A908A97220C76d19A6aA9cBDE4376,2561808,2024-02-28T07:25:53.000Z
0x8b860316db6ed9c7175294e36ee855df805984db,usd+,27342,0xB79DD08EA68A908A97220C76d19A6aA9cBDE4376,2561808,2024-02-28T07:25:53.000Z
0xc2fcb107a558a457c25e443e54d48dbf98d98562,usd+,26892,0xB79DD08EA68A908A97220C76d19A6aA9cBDE4376,2561808,2024-02-28T07:25:53.000Z
0x4c6dfbd6d192678a3fa0a457d2e43fc12b6fcf07,usd+,26133,0xB79DD08EA68A908A97220C76d19A6aA9cBDE4376,2561808,2024-02-28T07:25:53.000Z
0x3ee351f5317fa97d185db7bb9df997fb77dfb6e3,usd+,21174,0xB79DD08EA68A908A97220C76d19A6aA9cBDE4376,2561808,2024-02-28T07:25:53.000Z
0x2aaec1cb5c64011ac58d4c199ca38e332e2548a2,usd+,20996,0xB79DD08EA68A908A97220C76d19A6aA9cBDE4376,2561808,2024-02-28T07:25:53.000Z
0x2c274f53998ed347410d860862c627bfc473dfe3,usd+,16766,0xB79DD08EA68A908A97220C76d19A6aA9cBDE4376,2561808,2024-02-28T07:25:53.000Z
0xfd9c400e92426aa76d65a8e1be17c965117fb384,usd+,16738,0xB79DD08EA68A908A97220C76d19A6aA9cBDE4376,2561808,2024-02-28T07:25:53.000Z
0xa155f12d3be29bf20b615e1e7f066ae9e3c5239a,usd+,16366,0xB79DD08EA68A908A97220C76d19A6aA9cBDE4376,2561808,2024-02-28T07:25:53.000Z
0x50d7bbb75dd9f78cb1c6e0a400122fd73cdb8dd8,usd+,13010,0xB79DD08EA68A908A97220C76d19A6aA9cBDE4376,2561808,2024-02-28T07:25:53.000Z
0x391035801b84e1172ad0acebbc6ae00a0b9bc9ca,usd+,12634,0xB79DD08EA68A908A97220C76d19A6aA9cBDE4376,2561808,2024-02-28T07:25:53.000Z
0x6e222fe250cc5b1c4641b8902b3e2cf545949172,usd+,10816,0xB79DD08EA68A908A97220C76d19A6aA9cBDE4376,2561808,2024-02-28T07:25:53.000Z
0x6ad30817a9dbbec085451632ae1c5aff15cf9287,usd+,10614,0xB79DD08EA68A908A97220C76d19A6aA9cBDE4376,2561808,2024-02-28T07:25:53.000Z
0x3759e04beefb550365dd6c1a3f7d2d5c6521516d,usd+,10403,0xB79DD08EA68A908A97220C76d19A6aA9cBDE4376,2561808,2024-02-28T07:25:53.000Z
0x9d582e559784f97b6f1bbedbf6d45b2370a1640c,usd+,9705,0xB79DD08EA68A908A97220C76d19A6aA9cBDE4376,2561808,2024-02-28T07:25:53.000Z
0x0fd26d07d682e9aec2ef4fbb449bd57d720100ae,usd+,9120,0xB79DD08EA68A908A97220C76d19A6aA9cBDE4376,2561808,2024-02-28T07:25:53.000Z
0x153b0382dce22df38b0795b31b6cab30b2d96ca5,usd+,5368,0xB79DD08EA68A908A97220C76d19A6aA9cBDE4376,2561808,2024-02-28T07:25:53.000Z
0x8bbe3ce7a1f76d10e8bda13982dcffcb096e2181,usd+,4637,0xB79DD08EA68A908A97220C76d19A6aA9cBDE4376,2561808,2024-02-28T07:25:53.000Z
0x74c06a9ba72c74af5fca2c26680368487d8867f7,usd+,3590,0xB79DD08EA68A908A97220C76d19A6aA9cBDE4376,2561808,2024-02-28T07:25:53.000Z
0xe1b3c65e8fcfd717c549a7bfbedc438c90c39a2d,usd+,2751,0xB79DD08EA68A908A97220C76d19A6aA9cBDE4376,2561808,2024-02-28T07:25:53.000Z
0x548d33ace23e52e087ce24a8b026a3b6d1a56da6,usd+,2427,0xB79DD08EA68A908A97220C76d19A6aA9cBDE4376,2561808,2024-02-28T07:25:53.000Z
0x795d59fcfd171f141657c7869cca4bf9718eb46d,usd+,2389,0xB79DD08EA68A908A97220C76d19A6aA9cBDE4376,2561808,2024-02-28T07:25:53.000Z
0x0f4681cf5f3ffd3a0ed28af04052b76b3664b112,usd+,2213,0xB79DD08EA68A908A97220C76d19A6aA9cBDE4376,2561808,2024-02-28T07:25:53.000Z
0x23be09de69b1a6f70b73c963b682a0ff959fb600,usd+,2154,0xB79DD08EA68A908A97220C76d19A6aA9cBDE4376,2561808,2024-02-28T07:25:53.000Z
0xca0be641afc1e4fe97dd891598d423a4fcf73053,usd+,2145,0xB79DD08EA68A908A97220C76d19A6aA9cBDE4376,2561808,2024-02-28T07:25:53.000Z
0x6a955be84bdcc80ce0eed55652c6e03f877f5b67,usd+,2029,0xB79DD08EA68A908A97220C76d19A6aA9cBDE4376,2561808,2024-02-28T07:25:53.000Z
0x099858eb8bc2ee1dc5ee9863be60616afd5b6789,usd+,2016,0xB79DD08EA68A908A97220C76d19A6aA9cBDE4376,2561808,2024-02-28T07:25:53.000Z
0x47cc4e791389985127daef5809587042fbe42c11,usd+,1832,0xB79DD08EA68A908A97220C76d19A6aA9cBDE4376,2561808,2024-02-28T07:25:53.000Z
0x70ec25ab78d45c456796f979808a239d99c2457f,usd+,1761,0xB79DD08EA68A908A97220C76d19A6aA9cBDE4376,2561808,2024-02-28T07:25:53.000Z
0x15f4fc23db29641de22d422c88a31f497ae522c1,usd+,1698,0xB79DD08EA68A908A97220C76d19A6aA9cBDE4376,2561808,2024-02-28T07:25:53.000Z
0x55fc879a55962e3ddf34027d936a46127c4bfb8c,usd+,1505,0xB79DD08EA68A908A97220C76d19A6aA9cBDE4376,2561808,2024-02-28T07:25:53.000Z
0xb4a3c2debfc033ee3399ad6adf0b4fc74db92baa,usd+,1434,0xB79DD08EA68A908A97220C76d19A6aA9cBDE4376,2561808,2024-02-28T07:25:53.000Z
0xe0768e83840e09dc85c53833a9d3b4d16185fcfb,usd+,1282,0xB79DD08EA68A908A97220C76d19A6aA9cBDE4376,2561808,2024-02-28T07:25:53.000Z
0x00b6bc8f9b5a74c653e8373d2e1366abee27ff68,usd+,1212,0xB79DD08EA68A908A97220C76d19A6aA9cBDE4376,2561808,2024-02-28T07:25:53.000Z
0xec03cab894455d5b934036df28b54b2ebcc5099d,usd+,900,0xB79DD08EA68A908A97220C76d19A6aA9cBDE4376,2561808,2024-02-28T07:25:53.000Z
0xe09b7272968e5a78c5d7686c8af33b849c9d83b3,usd+,715,0xB79DD08EA68A908A97220C76d19A6aA9cBDE4376,2561808,2024-02-28T07:25:53.000Z
0xbfa04e5d6ac1163b7da3e873e5b9c969e91a0ac0,usd+,677,0xB79DD08EA68A908A97220C76d19A6aA9cBDE4376,2561808,2024-02-28T07:25:53.000Z
0xe82f955eb9f1ca527241e5ff5f548200668124a1,usd+,673,0xB79DD08EA68A908A97220C76d19A6aA9cBDE4376,2561808,2024-02-28T07:25:53.000Z
0x92e542dd8b19e7cd5b1b3c8bdea00b4bd6a7f163,usd+,650,0xB79DD08EA68A908A97220C76d19A6aA9cBDE4376,2561808,2024-02-28T07:25:53.000Z
0xd7d7159a14394e26e7d39e04c880ff284fad7831,usd+,587,0xB79DD08EA68A908A97220C76d19A6aA9cBDE4376,2561808,2024-02-28T07:25:53.000Z
0x57ac3e33ee64e36c817f3e66f85c5cf0a985e5a4,usd+,529,0xB79DD08EA68A908A97220C76d19A6aA9cBDE4376,2561808,2024-02-28T07:25:53.000Z
0x80d2767ef34e1a446b8919b92e0166faa1dd25d9,usd+,507,0xB79DD08EA68A908A97220C76d19A6aA9cBDE4376,2561808,2024-02-28T07:25:53.000Z
0xeaf988c649f44c4ddfd7fde1a8cb290569b66253,usd+,416,0xB79DD08EA68A908A97220C76d19A6aA9cBDE4376,2561808,2024-02-28T07:25:53.000Z
0xba2027eb3e033ddd99c413b6b6339a489a486df0,usd+,323,0xB79DD08EA68A908A97220C76d19A6aA9cBDE4376,2561808,2024-02-28T07:25:53.000Z
0xd73fa0823e38de057c32d6a2c2c677d05628f0d9,usd+,323,0xB79DD08EA68A908A97220C76d19A6aA9cBDE4376,2561808,2024-02-28T07:25:53.000Z
0xfe97e7acbaac325aebf0cc1c6d9a0bcf2cd48750,usd+,281,0xB79DD08EA68A908A97220C76d19A6aA9cBDE4376,2561808,2024-02-28T07:25:53.000Z
0x3f4fdc6199e2fb2a7f9a3482e2dbb2868740768a,usd+,262,0xB79DD08EA68A908A97220C76d19A6aA9cBDE4376,2561808,2024-02-28T07:25:53.000Z
0x4d319059e0b36f57de6c97db52b04a56156775b7,usd+,254,0xB79DD08EA68A908A97220C76d19A6aA9cBDE4376,2561808,2024-02-28T07:25:53.000Z
0x0f30ab8456fd24f6d370326d8cb3cd339159fdee,usd+,235,0xB79DD08EA68A908A97220C76d19A6aA9cBDE4376,2561808,2024-02-28T07:25:53.000Z
0x79952833180b56a9d2c4275ebc2fc1ac8984bdba,usd+,231,0xB79DD08EA68A908A97220C76d19A6aA9cBDE4376,2561808,2024-02-28T07:25:53.000Z
0x7886ab6a1832a673256f4d0695f5437837b36d95,usd+,149,0xB79DD08EA68A908A97220C76d19A6aA9cBDE4376,2561808,2024-02-28T07:25:53.000Z
0x1d8b6fa722230153be08c4fa4aa4b4c7cd01a95a,usd+,145,0xB79DD08EA68A908A97220C76d19A6aA9cBDE4376,2561808,2024-02-28T07:25:53.000Z
0x26445ae47d42ce5ec585f2eade7061fedea3970b,usd+,136,0xB79DD08EA68A908A97220C76d19A6aA9cBDE4376,2561808,2024-02-28T07:25:53.000Z
0xd8b0c8eccdd5722fca4c724783ee2aa17d110d65,usd+,131,0xB79DD08EA68A908A97220C76d19A6aA9cBDE4376,2561808,2024-02-28T07:25:53.000Z
0x4a33fc02685aa17317187011687b6ae62fb67c07,usd+,124,0xB79DD08EA68A908A97220C76d19A6aA9cBDE4376,2561808,2024-02-28T07:25:53.000Z
0x7945b47a866e36fc5ee4cceb146c7e28f83c377f,usd+,80,0xB79DD08EA68A908A97220C76d19A6aA9cBDE4376,2561808,2024-02-28T07:25:53.000Z
0xd5ef969f155b2938c3516d6223c76e6094be71d2,usd+,56,0xB79DD08EA68A908A97220C76d19A6aA9cBDE4376,2561808,2024-02-28T07:25:53.000Z
0xa30b8defcc9eddf9e960ef810d89e194c1f65771,usd+,53,0xB79DD08EA68A908A97220C76d19A6aA9cBDE4376,2561808,2024-02-28T07:25:53.000Z
0x0ae3b18d39b616edcf8456b73bd3a0e2d32ff16b,usd+,50,0xB79DD08EA68A908A97220C76d19A6aA9cBDE4376,2561808,2024-02-28T07:25:53.000Z
0xbf202696deae23fe6532107ce6b9385ca4f64ab5,usd+,33,0xB79DD08EA68A908A97220C76d19A6aA9cBDE4376,2561808,2024-02-28T07:25:53.000Z
0x4bb47e2bed11070523e0957085ec8906a690237c,usd+,20,0xB79DD08EA68A908A97220C76d19A6aA9cBDE4376,2561808,2024-02-28T07:25:53.000Z
0x8e9bdc2502e96b86cae0839796cd548b60755aae,usd+,20,0xB79DD08EA68A908A97220C76d19A6aA9cBDE4376,2561808,2024-02-28T07:25:53.000Z
0x501dedd778ff90d51031553dabc851d45c043f93,usd+,10,0xB79DD08EA68A908A97220C76d19A6aA9cBDE4376,2561808,2024-02-28T07:25:53.000Z
0x95a1fe8945ce168578cd95865e17f94809999999,usd+,5,0xB79DD08EA68A908A97220C76d19A6aA9cBDE4376,2561808,2024-02-28T07:25:53.000Z
0x1171875054cc20d68c1110778d4cb88ad4444444,usd+,5,0xB79DD08EA68A908A97220C76d19A6aA9cBDE4376,2561808,2024-02-28T07:25:53.000Z
0xa9cd5b0533cd844fb280cada9f80415ef1111111,usd+,5,0xB79DD08EA68A908A97220C76d19A6aA9cBDE4376,2561808,2024-02-28T07:25:53.000Z
0x30942a8d048e2f92a76bc992c1ea4deab9999999,usd+,5,0xB79DD08EA68A908A97220C76d19A6aA9cBDE4376,2561808,2024-02-28T07:25:53.000Z
0x467c742bb35c20719f5db1210a122c1c5ab69602,usd+,3,0xB79DD08EA68A908A97220C76d19A6aA9cBDE4376,2561808,2024-02-28T07:25:53.000Z
0xd599cbf0fe48e19810eee0dad311d98191a283f0,usd+,3,0xB79DD08EA68A908A97220C76d19A6aA9cBDE4376,2561808,2024-02-28T07:25:53.000Z
0x58916452cf92e915e450a3e7576fc5baa4069148,usd+,3,0xB79DD08EA68A908A97220C76d19A6aA9cBDE4376,2561808,2024-02-28T07:25:53.000Z
0x11bbe6c17bc1bd4358a8a3805b580ad8001ceead,usd+,3,0xB79DD08EA68A908A97220C76d19A6aA9cBDE4376,2561808,2024-02-28T07:25:53.000Z
0xe18271ba90032c339aa780b58d57831b8ccef7db,usd+,3,0xB79DD08EA68A908A97220C76d19A6aA9cBDE4376,2561808,2024-02-28T07:25:53.000Z
0xa2500b76169db65c4e8d2d71c769446d6c3adcff,usd+,3,0xB79DD08EA68A908A97220C76d19A6aA9cBDE4376,2561808,2024-02-28T07:25:53.000Z
0x7043755e7af5ecdeb81d831a984a77e55cb8a7ed,usd+,3,0xB79DD08EA68A908A97220C76d19A6aA9cBDE4376,2561808,2024-02-28T07:25:53.000Z
0x8483ab049fd2d98eb9e69971778b03ea4c166475,usd+,3,0xB79DD08EA68A908A97220C76d19A6aA9cBDE4376,2561808,2024-02-28T07:25:53.000Z
0x0d5368862f619dc398ed6f2a44c58db7ac3dc344,usd+,2,0xB79DD08EA68A908A97220C76d19A6aA9cBDE4376,2561808,2024-02-28T07:25:53.000Z
0xc828bf703064e271e5e6deacbe33ecb9a43dc93e,usd+,1,0xB79DD08EA68A908A97220C76d19A6aA9cBDE4376,2561808,2024-02-28T07:25:53.000Z
0x66e7013bde6b383a72351a8470b4c55466a7c209,usd+,1,0xB79DD08EA68A908A97220C76d19A6aA9cBDE4376,2561808,2024-02-28T07:25:53.000Z
0xe34b928996cc73fc3894898102842e86aa0ba33a,usd+,1,0xB79DD08EA68A908A97220C76d19A6aA9cBDE4376,2561808,2024-02-28T07:25:53.000Z
0x9030d5c596d636eefc8f0ad7b2788ae7e9ef3d46,usdt+,388397720,0x1E1F509963A6D33e169D9497b11c7DbFe73B7F13,2561808,2024-02-28T07:25:53.000Z
0xab6e1938d982dbde84a1f4af0e268ac1c3113f99,usdt+,6605165,0x1E1F509963A6D33e169D9497b11c7DbFe73B7F13,2561808,2024-02-28T07:25:53.000Z
0xb4d502361a3c6f823eeb9a99af09e110382206ee,usdt+,3194313,0x1E1F509963A6D33e169D9497b11c7DbFe73B7F13,2561808,2024-02-28T07:25:53.000Z
0xe1b3c65e8fcfd717c549a7bfbedc438c90c39a2d,usdt+,1965006,0x1E1F509963A6D33e169D9497b11c7DbFe73B7F13,2561808,2024-02-28T07:25:53.000Z
0xbfa04e5d6ac1163b7da3e873e5b9c969e91a0ac0,usdt+,384900,0x1E1F509963A6D33e169D9497b11c7DbFe73B7F13,2561808,2024-02-28T07:25:53.000Z
0x7c29739d26ec4568247dfd5d948d66a35ecc2490,usdt+,223398,0x1E1F509963A6D33e169D9497b11c7DbFe73B7F13,2561808,2024-02-28T07:25:53.000Z
0x4d319059e0b36f57de6c97db52b04a56156775b7,usdt+,212725,0x1E1F509963A6D33e169D9497b11c7DbFe73B7F13,2561808,2024-02-28T07:25:53.000Z
0x7945b47a866e36fc5ee4cceb146c7e28f83c377f,usdt+,46379,0x1E1F509963A6D33e169D9497b11c7DbFe73B7F13,2561808,2024-02-28T07:25:53.000Z
0xbf9685d625e3bf3cc64d8ecc0be3e0ff3d0c2fcf,usdt+,5912,0x1E1F509963A6D33e169D9497b11c7DbFe73B7F13,2561808,2024-02-28T07:25:53.000Z
0xaab49d377152da55b0a26a0c1b067094685a82a9,usdt+,1,0x1E1F509963A6D33e169D9497b11c7DbFe73B7F13,2561808,2024-02-28T07:25:53.000Z
0xae9caa35a0ad30e6663e8f3e8e71cbba23901a53,usdt+,1,0x1E1F509963A6D33e169D9497b11c7DbFe73B7F13,2561808,2024-02-28T07:25:53.000Z
0xc3d14a1cce9efa52e746a2550017d8764ab4a200,usdt+,1,0x1E1F509963A6D33e169D9497b11c7DbFe73B7F13,2561808,2024-02-28T07:25:53.000Z
0x81276fc93ed8b3897daff792839edbf505646efd,usdt+,1,0x1E1F509963A6D33e169D9497b11c7DbFe73B7F13,2561808,2024-02-28T07:25:53.000Z
0x6c06bfd51ea8032ddaeea8b69009417b54f3587b,usdt+,1,0x1E1F509963A6D33e169D9497b11c7DbFe73B7F13,2561808,2024-02-28T07:25:53.000Z
0x297a35b364ac05569829a6ca6db01ff91153b5ff,usdt+,1,0x1E1F509963A6D33e169D9497b11c7DbFe73B7F13,2561808,2024-02-28T07:25:53.000Z
0xe6b721127c7b041f36032f1e399239aec67a9990,usdt+,1,0x1E1F509963A6D33e169D9497b11c7DbFe73B7F13,2561808,2024-02-28T07:25:53.000Z
0x09d2da8d54a593591c9bbd7e1c97cc57099087a3,usdt+,1,0x1E1F509963A6D33e169D9497b11c7DbFe73B7F13,2561808,2024-02-28T07:25:53.000Z
0xb4c5b4fcd7c2f5457676629256d858a196165f8f,usdt+,1,0x1E1F509963A6D33e169D9497b11c7DbFe73B7F13,2561808,2024-02-28T07:25:53.000Z
0xe1e513d460c7fc6d3fb2a004f4699c986cb5251b,usdt+,1,0x1E1F509963A6D33e169D9497b11c7DbFe73B7F13,2561808,2024-02-28T07:25:53.000Z
0x80ce0d05617b8f692773d11bf8662ba600d773c4,usdt+,1,0x1E1F509963A6D33e169D9497b11c7DbFe73B7F13,2561808,2024-02-28T07:25:53.000Z
0xf7ea21788c53ddd8a610ca8d04c9d491c952f934,usdt+,1,0x1E1F509963A6D33e169D9497b11c7DbFe73B7F13,2561808,2024-02-28T07:25:53.000Z
0xfd506465f1b2ae145b208d61c49d014d23c05f77,usdt+,1,0x1E1F509963A6D33e169D9497b11c7DbFe73B7F13,2561808,2024-02-28T07:25:53.000Z
0x89d9aa65678ef914d84a8151d88cae19a221d4d2,usdt+,1,0x1E1F509963A6D33e169D9497b11c7DbFe73B7F13,2561808,2024-02-28T07:25:53.000Z
0x2670e2896953ea1f618d17d14d60727d54ec646d,usdt+,1,0x1E1F509963A6D33e169D9497b11c7DbFe73B7F13,2561808,2024-02-28T07:25:53.000Z
0x0f8b8801a738ba366b1703c35057c0fa6bcef5dd,usdt+,1,0x1E1F509963A6D33e169D9497b11c7DbFe73B7F13,2561808,2024-02-28T07:25:53.000Z
0x5b4ea615ad7ba81a9679aee23763e646b4b2bdff,usdt+,1,0x1E1F509963A6D33e169D9497b11c7DbFe73B7F13,2561808,2024-02-28T07:25:53.000Z
0xc899770c773bc515aa46a547ceab49d796665725,usdt+,1,0x1E1F509963A6D33e169D9497b11c7DbFe73B7F13,2561808,2024-02-28T07:25:53.000Z
0xd4181cda623bd99654ffa8e1fa0f26a6437f9f64,usdt+,1,0x1E1F509963A6D33e169D9497b11c7DbFe73B7F13,2561808,2024-02-28T07:25:53.000Z
0x72065ee8fa253e1706a8bfde7e973ff7e187ce77,usdt+,1,0x1E1F509963A6D33e169D9497b11c7DbFe73B7F13,2561808,2024-02-28T07:25:53.000Z
0xa79d5c0239d026afcbc703e8455a6b9f98451dc5,usdt+,1,0x1E1F509963A6D33e169D9497b11c7DbFe73B7F13,2561808,2024-02-28T07:25:53.000Z
0x1bc8c6c06a43e3fbb2ebc613e0ebc0ecb95b5937,usdt+,1,0x1E1F509963A6D33e169D9497b11c7DbFe73B7F13,2561808,2024-02-28T07:25:53.000Z
0x88c8122c999c4b9ce4e400585e9187e31f4390c5,usdt+,1,0x1E1F509963A6D33e169D9497b11c7DbFe73B7F13,2561808,2024-02-28T07:25:53.000Z
0x7160570bb153edd0ea1775ec2b2ac9b65f1ab61b,usd+,92650713,0xB79DD08EA68A908A97220C76d19A6aA9cBDE4376,2661808,2024-03-03T22:32:33.000Z
0xbfa04e5d6ac1163b7da3e873e5b9c969e91a0ac0,usd+,56106106,0xB79DD08EA68A908A97220C76d19A6aA9cBDE4376,2661808,2024-03-03T22:32:33.000Z
0x9030d5c596d636eefc8f0ad7b2788ae7e9ef3d46,usd+,1476518,0xB79DD08EA68A908A97220C76d19A6aA9cBDE4376,2661808,2024-03-03T22:32:33.000Z
0xeac027528cdfc707ac4e7543d613f5a02e986212,usd+,855315,0xB79DD08EA68A908A97220C76d19A6aA9cBDE4376,2661808,2024-03-03T22:32:33.000Z
0x9140a1f3f3112a4ceeda15c7d07d61fc1b6a5061,usd+,805432,0xB79DD08EA68A908A97220C76d19A6aA9cBDE4376,2661808,2024-03-03T22:32:33.000Z
0x66b5847bf79629c777a3897da98ccc284d15e33a,usd+,735959,0xB79DD08EA68A908A97220C76d19A6aA9cBDE4376,2661808,2024-03-03T22:32:33.000Z
0xab9df74878a83b31882e7cff57c8a9ac1838487e,usd+,525192,0xB79DD08EA68A908A97220C76d19A6aA9cBDE4376,2661808,2024-03-03T22:32:33.000Z
0xba2027eb3e033ddd99c413b6b6339a489a486df0,usd+,238675,0xB79DD08EA68A908A97220C76d19A6aA9cBDE4376,2661808,2024-03-03T22:32:33.000Z
0x4f82e73edb06d29ff62c91ec8f5ff06571bdeb29,usd+,174848,0xB79DD08EA68A908A97220C76d19A6aA9cBDE4376,2661808,2024-03-03T22:32:33.000Z
0x4688d10117b1355319f23ce22d10a94e3ce98103,usd+,120868,0xB79DD08EA68A908A97220C76d19A6aA9cBDE4376,2661808,2024-03-03T22:32:33.000Z
0x2198bbf8a4f1a52161ab3411897cc4fb4e2cd5ca,usd+,85574,0xB79DD08EA68A908A97220C76d19A6aA9cBDE4376,2661808,2024-03-03T22:32:33.000Z
0xa7f053d0a4df46577428b84fb3a59e98775ee698,usd+,43414,0xB79DD08EA68A908A97220C76d19A6aA9cBDE4376,2661808,2024-03-03T22:32:33.000Z
0xcb6222f4df04385ea08e8da2a5871131ff5f6cba,usd+,42422,0xB79DD08EA68A908A97220C76d19A6aA9cBDE4376,2661808,2024-03-03T22:32:33.000Z
0x2f6e3caaabe5dc3364a6815829c9ac0e82ac6d26,usd+,32101,0xB79DD08EA68A908A97220C76d19A6aA9cBDE4376,2661808,2024-03-03T22:32:33.000Z
0xff0386fe3c726eb54703ff97482b10ab84383104,usd+,26600,0xB79DD08EA68A908A97220C76d19A6aA9cBDE4376,2661808,2024-03-03T22:32:33.000Z
0x551d3851ec8afa2bbc6ffae4b14a7b64f1c0b96f,usd+,25632,0xB79DD08EA68A908A97220C76d19A6aA9cBDE4376,2661808,2024-03-03T22:32:33.000Z
0x439ed0e7f97d9f737f13ce3280be7a8e2f514b01,usd+,24833,0xB79DD08EA68A908A97220C76d19A6aA9cBDE4376,2661808,2024-03-03T22:32:33.000Z
0xc360bc38845e4ba72202cc1f26a739e50039a479,usd+,16789,0xB79DD08EA68A908A97220C76d19A6aA9cBDE4376,2661808,2024-03-03T22:32:33.000Z
0xab126cb68423dc464e27820f7403ceca2c36f6e3,usd+,14385,0xB79DD08EA68A908A97220C76d19A6aA9cBDE4376,2661808,2024-03-03T22:32:33.000Z
0xa155f12d3be29bf20b615e1e7f066ae9e3c5239a,usd+,13440,0xB79DD08EA68A908A97220C76d19A6aA9cBDE4376,2661808,2024-03-03T22:32:33.000Z
0x9d8ca06f397f6ebda875145356af6fd05996be02,usd+,11881,0xB79DD08EA68A908A97220C76d19A6aA9cBDE4376,2661808,2024-03-03T22:32:33.000Z
0xcc56dd87294fda597f71abade8e233cf3a84fe43,usd+,11286,0xB79DD08EA68A908A97220C76d19A6aA9cBDE4376,2661808,2024-03-03T22:32:33.000Z
0xd312818347fb054d30925488a7dcfab6e19e9421,usd+,8832,0xB79DD08EA68A908A97220C76d19A6aA9cBDE4376,2661808,2024-03-03T22:32:33.000Z
0x428c4f6eb3139434c79918af588bfb294d913da2,usd+,8423,0xB79DD08EA68A908A97220C76d19A6aA9cBDE4376,2661808,2024-03-03T22:32:33.000Z
0x221c5ed6f408e5ccf733a7401aefb24263ca0d03,usd+,7265,0xB79DD08EA68A908A97220C76d19A6aA9cBDE4376,2661808,2024-03-03T22:32:33.000Z
0x73b6a7a6e39a2e405087164d7f407a0bd2c86dcc,usd+,7173,0xB79DD08EA68A908A97220C76d19A6aA9cBDE4376,2661808,2024-03-03T22:32:33.000Z
0x4fd1cb0c9661e1886734e7ab9c0197a37cb1a02c,usd+,6625,0xB79DD08EA68A908A97220C76d19A6aA9cBDE4376,2661808,2024-03-03T22:32:33.000Z
0xd04604f57860fab703a7279e7b47e123d5d56653,usd+,6625,0xB79DD08EA68A908A97220C76d19A6aA9cBDE4376,2661808,2024-03-03T22:32:33.000Z
0x050697f00431024f75c6952bc3f32e010d9cd948,usd+,5521,0xB79DD08EA68A908A97220C76d19A6aA9cBDE4376,2661808,2024-03-03T22:32:33.000Z
0x495f116c73c4306dda0e53bf693b55931a802d64,usd+,4968,0xB79DD08EA68A908A97220C76d19A6aA9cBDE4376,2661808,2024-03-03T22:32:33.000Z
0x06ccda5dcd7533e548cde11af604781f1a7aa18a,usd+,4417,0xB79DD08EA68A908A97220C76d19A6aA9cBDE4376,2661808,2024-03-03T22:32:33.000Z
0x7b083271df172787d2342280efa5b92da7694fd3,usd+,4405,0xB79DD08EA68A908A97220C76d19A6aA9cBDE4376,2661808,2024-03-03T22:32:33.000Z
0x7812e7a67bccb7941e69ccc130aa6c4825f48cdd,usd+,4037,0xB79DD08EA68A908A97220C76d19A6aA9cBDE4376,2661808,2024-03-03T22:32:33.000Z
0x94bfe225859347f2b2dd7eb8cbf35b84b4e8df69,usd+,3896,0xB79DD08EA68A908A97220C76d19A6aA9cBDE4376,2661808,2024-03-03T22:32:33.000Z
0xfe97e7acbaac325aebf0cc1c6d9a0bcf2cd48750,usd+,2410,0xB79DD08EA68A908A97220C76d19A6aA9cBDE4376,2661808,2024-03-03T22:32:33.000Z
0x603bb7eaf58d36409220bda0c4e589ca825eca3d,usd+,2332,0xB79DD08EA68A908A97220C76d19A6aA9cBDE4376,2661808,2024-03-03T22:32:33.000Z
0xf3b059c887172f2cc52b5e77ee3b2c8b3a32e6ef,usd+,1722,0xB79DD08EA68A908A97220C76d19A6aA9cBDE4376,2661808,2024-03-03T22:32:33.000Z
0x0e6c677d8a38bf7133fa79d961d800171c26bb45,usd+,1697,0xB79DD08EA68A908A97220C76d19A6aA9cBDE4376,2661808,2024-03-03T22:32:33.000Z
0x94824d798c4d2fd2e093ee4e0084d2f1f75f7554,usd+,1505,0xB79DD08EA68A908A97220C76d19A6aA9cBDE4376,2661808,2024-03-03T22:32:33.000Z
0xb4a3c2debfc033ee3399ad6adf0b4fc74db92baa,usd+,1448,0xB79DD08EA68A908A97220C76d19A6aA9cBDE4376,2661808,2024-03-03T22:32:33.000Z
0x0fc357bed159ee3c7fd536ffbc154f96e5bd5db1,usd+,1276,0xB79DD08EA68A908A97220C76d19A6aA9cBDE4376,2661808,2024-03-03T22:32:33.000Z
0x38071e24edbf4798a0248bc4932abec25871cbc6,usd+,1268,0xB79DD08EA68A908A97220C76d19A6aA9cBDE4376,2661808,2024-03-03T22:32:33.000Z
0x9b1d8ee7d50571ec595ecc303bcac4cd259a3bf3,usd+,1110,0xB79DD08EA68A908A97220C76d19A6aA9cBDE4376,2661808,2024-03-03T22:32:33.000Z
0x0a50de01d53a46d00686a29a0368dc2a7fc34e80,usd+,1035,0xB79DD08EA68A908A97220C76d19A6aA9cBDE4376,2661808,2024-03-03T22:32:33.000Z
0xeefa4ee58189920b8b5edf10d3e5d0cf0791dcdc,usd+,851,0xB79DD08EA68A908A97220C76d19A6aA9cBDE4376,2661808,2024-03-03T22:32:33.000Z
0x3776e8a0746661e330b881bc1327accc2054bd5f,usd+,665,0xB79DD08EA68A908A97220C76d19A6aA9cBDE4376,2661808,2024-03-03T22:32:33.000Z
0x06ae997194d73c3a25d7ed613b3f1be8ba3783be,usd+,665,0xB79DD08EA68A908A97220C76d19A6aA9cBDE4376,2661808,2024-03-03T22:32:33.000Z
0xeaf988c649f44c4ddfd7fde1a8cb290569b66253,usd+,538,0xB79DD08EA68A908A97220C76d19A6aA9cBDE4376,2661808,2024-03-03T22:32:33.000Z
0x3f9cfd9603c44492eeb1af06709d82f856d4ab92,usd+,495,0xB79DD08EA68A908A97220C76d19A6aA9cBDE4376,2661808,2024-03-03T22:32:33.000Z
0x8cb6943c6853999edd223d4696a53c83147d9910,usd+,437,0xB79DD08EA68A908A97220C76d19A6aA9cBDE4376,2661808,2024-03-03T22:32:33.000Z
0xf6d52fb9613ddbd3eaf4db92d0de4c6e23f347a2,usd+,432,0xB79DD08EA68A908A97220C76d19A6aA9cBDE4376,2661808,2024-03-03T22:32:33.000Z
0xd1d07e258903bdfc6eb8c9e62cee2cda39e95ae4,usd+,368,0xB79DD08EA68A908A97220C76d19A6aA9cBDE4376,2661808,2024-03-03T22:32:33.000Z
0x836ddeb31bdafb3a7e65709390fc4384af9f1722,usd+,348,0xB79DD08EA68A908A97220C76d19A6aA9cBDE4376,2661808,2024-03-03T22:32:33.000Z
0xe324c2478a8c2cb019c32609d60691f2fa362f0b,usd+,196,0xB79DD08EA68A908A97220C76d19A6aA9cBDE4376,2661808,2024-03-03T22:32:33.000Z
0x1d8b6fa722230153be08c4fa4aa4b4c7cd01a95a,usd+,122,0xB79DD08EA68A908A97220C76d19A6aA9cBDE4376,2661808,2024-03-03T22:32:33.000Z
0xb3e35010e3c37e5c96bc05109589d0ebe264ee6e,usd+,92,0xB79DD08EA68A908A97220C76d19A6aA9cBDE4376,2661808,2024-03-03T22:32:33.000Z
0x62cce1f4eb2209016fdaa0d39e478a5140d97b9e,usd+,77,0xB79DD08EA68A908A97220C76d19A6aA9cBDE4376,2661808,2024-03-03T22:32:33.000Z
0xb7fc44237ee35d7b533037cba2298e54c3d59276,usd+,21,0xB79DD08EA68A908A97220C76d19A6aA9cBDE4376,2661808,2024-03-03T22:32:33.000Z
0x915feb0cebc5bf3e62572db8678de1d471f188e9,usd+,2,0xB79DD08EA68A908A97220C76d19A6aA9cBDE4376,2661808,2024-03-03T22:32:33.000Z
0x5488565aea477f715f62232229619c88a617ba71,usd+,2,0xB79DD08EA68A908A97220C76d19A6aA9cBDE4376,2661808,2024-03-03T22:32:33.000Z
0x56f37876d01fe5df3959f7abf24272d63e9448b2,usd+,2,0xB79DD08EA68A908A97220C76d19A6aA9cBDE4376,2661808,2024-03-03T22:32:33.000Z
0x7160570bb153edd0ea1775ec2b2ac9b65f1ab61b,usdt+,2266121746,0x1E1F509963A6D33e169D9497b11c7DbFe73B7F13,2661808,2024-03-03T22:32:33.000Z
0x9030d5c596d636eefc8f0ad7b2788ae7e9ef3d46,usdt+,49778273,0x1E1F509963A6D33e169D9497b11c7DbFe73B7F13,2661808,2024-03-03T22:32:33.000Z
0xbfa04e5d6ac1163b7da3e873e5b9c969e91a0ac0,usdt+,29287456,0x1E1F509963A6D33e169D9497b11c7DbFe73B7F13,2661808,2024-03-03T22:32:33.000Z
0xbe23da11fbf9da0f7c13ea73a4bb511b9bc00177,usdt+,4770416,0x1E1F509963A6D33e169D9497b11c7DbFe73B7F13,2661808,2024-03-03T22:32:33.000Z
0x0e6c677d8a38bf7133fa79d961d800171c26bb45,usdt+,2379413,0x1E1F509963A6D33e169D9497b11c7DbFe73B7F13,2661808,2024-03-03T22:32:33.000Z
0xe324c2478a8c2cb019c32609d60691f2fa362f0b,usdt+,181707,0x1E1F509963A6D33e169D9497b11c7DbFe73B7F13,2661808,2024-03-03T22:32:33.000Z
0x4f82e73edb06d29ff62c91ec8f5ff06571bdeb29,usdt+,175840,0x1E1F509963A6D33e169D9497b11c7DbFe73B7F13,2661808,2024-03-03T22:32:33.000Z
0x1ba6d14b15e30b1efc382ad3a2122fefefc681d1,usdt+,16233,0x1E1F509963A6D33e169D9497b11c7DbFe73B7F13,2661808,2024-03-03T22:32:33.000Z
0xc44e403dddf8c0ef8226c015e6c6378fe832f5bc,usdt+,38,0x1E1F509963A6D33e169D9497b11c7DbFe73B7F13,2661808,2024-03-03T22:32:33.000Z
0x58ac068eef3f49e019a88c7ecc9ac2fdd63fa755,usdt+,19,0x1E1F509963A6D33e169D9497b11c7DbFe73B7F13,2661808,2024-03-03T22:32:33.000Z
0xc7bd9c76917f67c8e4eed5d5ea7b052f1118d429,usdt+,1,0x1E1F509963A6D33e169D9497b11c7DbFe73B7F13,2661808,2024-03-03T22:32:33.000Z
0x85bc4a90d3d3535e246d76e2c7bebd06c8a92f51,usdt+,1,0x1E1F509963A6D33e169D9497b11c7DbFe73B7F13,2661808,2024-03-03T22:32:33.000Z
0x4c32758cbf5277780317d04981ad70af15cfb0e5,usdt+,1,0x1E1F509963A6D33e169D9497b11c7DbFe73B7F13,2661808,2024-03-03T22:32:33.000Z
0xc828bf703064e271e5e6deacbe33ecb9a43dc93e,usdt+,1,0x1E1F509963A6D33e169D9497b11c7DbFe73B7F13,2661808,2024-03-03T22:32:33.000Z
0x93b5c7e577fc94321659ef5ade6718c1cbb9b01c,usdt+,1,0x1E1F509963A6D33e169D9497b11c7DbFe73B7F13,2661808,2024-03-03T22:32:33.000Z
0x88064c7ff090d6c589cf655cb1ef61a19f76834f,usdt+,1,0x1E1F509963A6D33e169D9497b11c7DbFe73B7F13,2661808,2024-03-03T22:32:33.000Z
0x870485c276157aee5660fcb67585c34d2ed3b506,usdt+,1,0x1E1F509963A6D33e169D9497b11c7DbFe73B7F13,2661808,2024-03-03T22:32:33.000Z
0x9a31d68c6ba0cbfed0268fd62afe8ccf36f31694,usdt+,1,0x1E1F509963A6D33e169D9497b11c7DbFe73B7F13,2661808,2024-03-03T22:32:33.000Z
0xc6aa10f1e7bc0d040d1a9a5c4bae95fcc36c4243,usdt+,1,0x1E1F509963A6D33e169D9497b11c7DbFe73B7F13,2661808,2024-03-03T22:32:33.000Z
0x0ec1f47a4874a717d12d02b4966e6a4b2d94683c,usdt+,1,0x1E1F509963A6D33e169D9497b11c7DbFe73B7F13,2661808,2024-03-03T22:32:33.000Z
0xf2cd8ff990102becce49c7a8da611c1077475ec3,usdt+,1,0x1E1F509963A6D33e169D9497b11c7DbFe73B7F13,2661808,2024-03-03T22:32:33.000Z
0xf3ce7c168a11e83e78acaae6dbc878caf55c5f8f,usdt+,1,0x1E1F509963A6D33e169D9497b11c7DbFe73B7F13,2661808,2024-03-03T22:32:33.000Z
0xa233e746c91a61e6322a04ba7dec77fea90a4ae0,usdt+,1,0x1E1F509963A6D33e169D9497b11c7DbFe73B7F13,2661808,2024-03-03T22:32:33.000Z
0x7160570bb153edd0ea1775ec2b2ac9b65f1ab61b,usd+,358577409,0xB79DD08EA68A908A97220C76d19A6aA9cBDE4376,2761808,2024-03-08T13:39:14.000Z
0x9030d5c596d636eefc8f0ad7b2788ae7e9ef3d46,usd+,98706887,0xB79DD08EA68A908A97220C76d19A6aA9cBDE4376,2761808,2024-03-08T13:39:14.000Z
0x66b5847bf79629c777a3897da98ccc284d15e33a,usd+,1513300,0xB79DD08EA68A908A97220C76d19A6aA9cBDE4376,2761808,2024-03-08T13:39:14.000Z
0x77a7f6aac8d020eb2c9955ed00cdb05f1f4eb64d,usd+,1323987,0xB79DD08EA68A908A97220C76d19A6aA9cBDE4376,2761808,2024-03-08T13:39:14.000Z
0x4d319059e0b36f57de6c97db52b04a56156775b7,usd+,235256,0xB79DD08EA68A908A97220C76d19A6aA9cBDE4376,2761808,2024-03-08T13:39:14.000Z
0x2198bbf8a4f1a52161ab3411897cc4fb4e2cd5ca,usd+,167385,0xB79DD08EA68A908A97220C76d19A6aA9cBDE4376,2761808,2024-03-08T13:39:14.000Z
0xff0386fe3c726eb54703ff97482b10ab84383104,usd+,116629,0xB79DD08EA68A908A97220C76d19A6aA9cBDE4376,2761808,2024-03-08T13:39:14.000Z
0xcc56dd87294fda597f71abade8e233cf3a84fe43,usd+,115919,0xB79DD08EA68A908A97220C76d19A6aA9cBDE4376,2761808,2024-03-08T13:39:14.000Z
0x6cdb3a9d5e822753d4062f4ab35526f0ac2d816b,usd+,75736,0xB79DD08EA68A908A97220C76d19A6aA9cBDE4376,2761808,2024-03-08T13:39:14.000Z
0xa8daef1ae1e8ab29ea94fe13fe79b5af829ed208,usd+,52465,0xB79DD08EA68A908A97220C76d19A6aA9cBDE4376,2761808,2024-03-08T13:39:14.000Z
0x850f412faa3a374d678bef321d34db3e12b1a8a0,usd+,38578,0xB79DD08EA68A908A97220C76d19A6aA9cBDE4376,2761808,2024-03-08T13:39:14.000Z
0xe02c230b2376a809b2f31d77c3615fe4c184a22d,usd+,27216,0xB79DD08EA68A908A97220C76d19A6aA9cBDE4376,2761808,2024-03-08T13:39:14.000Z
0xfe97e7acbaac325aebf0cc1c6d9a0bcf2cd48750,usd+,6294,0xB79DD08EA68A908A97220C76d19A6aA9cBDE4376,2761808,2024-03-08T13:39:14.000Z
0x410303943dc392631fb202f429c363dea1feb2e2,usd+,4122,0xB79DD08EA68A908A97220C76d19A6aA9cBDE4376,2761808,2024-03-08T13:39:14.000Z
0xba2027eb3e033ddd99c413b6b6339a489a486df0,usd+,4000,0xB79DD08EA68A908A97220C76d19A6aA9cBDE4376,2761808,2024-03-08T13:39:14.000Z
0x2933749e45796d50eba9a352d29eed6fe58af8bb,usd+,3383,0xB79DD08EA68A908A97220C76d19A6aA9cBDE4376,2761808,2024-03-08T13:39:14.000Z
0xbb13c1fb58d8db2881cbdec236b6705edcd6471b,usd+,3321,0xB79DD08EA68A908A97220C76d19A6aA9cBDE4376,2761808,2024-03-08T13:39:14.000Z
0xeaf988c649f44c4ddfd7fde1a8cb290569b66253,usd+,1091,0xB79DD08EA68A908A97220C76d19A6aA9cBDE4376,2761808,2024-03-08T13:39:14.000Z
0x358f027bf2e59e8b3dc4c9a807d79569c0c5f59f,usd+,857,0xB79DD08EA68A908A97220C76d19A6aA9cBDE4376,2761808,2024-03-08T13:39:14.000Z
0x353c1f0bc78fbbc245b3c93ef77b1dcc5b77d2a0,usd+,337,0xB79DD08EA68A908A97220C76d19A6aA9cBDE4376,2761808,2024-03-08T13:39:14.000Z
0x1d8b6fa722230153be08c4fa4aa4b4c7cd01a95a,usd+,248,0xB79DD08EA68A908A97220C76d19A6aA9cBDE4376,2761808,2024-03-08T13:39:14.000Z
0x6b411fc6d8ff1880268a9538eb9192a928c80114,usd+,229,0xB79DD08EA68A908A97220C76d19A6aA9cBDE4376,2761808,2024-03-08T13:39:14.000Z
0x47fbcd36494fef0fcb4f70762e8fb9a3078507f8,usd+,184,0xB79DD08EA68A908A97220C76d19A6aA9cBDE4376,2761808,2024-03-08T13:39:14.000Z
0xa3cc2d84296bb93234e1e3929ac66cd9a62573c3,usd+,115,0xB79DD08EA68A908A97220C76d19A6aA9cBDE4376,2761808,2024-03-08T13:39:14.000Z
0xb4a3c2debfc033ee3399ad6adf0b4fc74db92baa,usd+,18,0xB79DD08EA68A908A97220C76d19A6aA9cBDE4376,2761808,2024-03-08T13:39:14.000Z
0x4fd3b6c5243caa9b35605dce9029d10ecaa32d4e,usd+,18,0xB79DD08EA68A908A97220C76d19A6aA9cBDE4376,2761808,2024-03-08T13:39:14.000Z
0xe9ec8811765bfdce147267d5ad5c08453168fa8a,usd+,16,0xB79DD08EA68A908A97220C76d19A6aA9cBDE4376,2761808,2024-03-08T13:39:14.000Z
0xc44e403dddf8c0ef8226c015e6c6378fe832f5bc,usd+,3,0xB79DD08EA68A908A97220C76d19A6aA9cBDE4376,2761808,2024-03-08T13:39:14.000Z
0xc828bf703064e271e5e6deacbe33ecb9a43dc93e,usd+,2,0xB79DD08EA68A908A97220C76d19A6aA9cBDE4376,2761808,2024-03-08T13:39:14.000Z
0x7160570bb153edd0ea1775ec2b2ac9b65f1ab61b,usdt+,2660599137,0x1E1F509963A6D33e169D9497b11c7DbFe73B7F13,2761808,2024-03-08T13:39:14.000Z
0x4d319059e0b36f57de6c97db52b04a56156775b7,usdt+,230518723,0x1E1F509963A6D33e169D9497b11c7DbFe73B7F13,2761808,2024-03-08T13:39:14.000Z
0x9030d5c596d636eefc8f0ad7b2788ae7e9ef3d46,usdt+,221643386,0x1E1F509963A6D33e169D9497b11c7DbFe73B7F13,2761808,2024-03-08T13:39:14.000Z
0x297ea3f24a60768dde825b69790e3cfab371b38d,usdt+,2482626,0x1E1F509963A6D33e169D9497b11c7DbFe73B7F13,2761808,2024-03-08T13:39:14.000Z
0xab6e1938d982dbde84a1f4af0e268ac1c3113f99,usdt+,1568349,0x1E1F509963A6D33e169D9497b11c7DbFe73B7F13,2761808,2024-03-08T13:39:14.000Z
0x007734c3c02618971f7daf6d071f06e93a1114ae,usdt+,1536537,0x1E1F509963A6D33e169D9497b11c7DbFe73B7F13,2761808,2024-03-08T13:39:14.000Z
0x2933749e45796d50eba9a352d29eed6fe58af8bb,usdt+,1530483,0x1E1F509963A6D33e169D9497b11c7DbFe73B7F13,2761808,2024-03-08T13:39:14.000Z
0x0a3d0705937c2e0137514f65ff1e841242613003,usdt+,281778,0x1E1F509963A6D33e169D9497b11c7DbFe73B7F13,2761808,2024-03-08T13:39:14.000Z
0x8b0473e5f2871d420b7891c01a45ef84ee2d523d,usdt+,66480,0x1E1F509963A6D33e169D9497b11c7DbFe73B7F13,2761808,2024-03-08T13:39:14.000Z
0xb68e09447b7d6ce3bb458eff585aa196a8154346,usdt+,31902,0x1E1F509963A6D33e169D9497b11c7DbFe73B7F13,2761808,2024-03-08T13:39:14.000Z
0xa155f12d3be29bf20b615e1e7f066ae9e3c5239a,usdt+,24784,0x1E1F509963A6D33e169D9497b11c7DbFe73B7F13,2761808,2024-03-08T13:39:14.000Z
0xc44e403dddf8c0ef8226c015e6c6378fe832f5bc,usdt+,1366,0x1E1F509963A6D33e169D9497b11c7DbFe73B7F13,2761808,2024-03-08T13:39:14.000Z
0xc828bf703064e271e5e6deacbe33ecb9a43dc93e,usdt+,5,0x1E1F509963A6D33e169D9497b11c7DbFe73B7F13,2761808,2024-03-08T13:39:14.000Z
0x665dbd64804b666aafbcb90c3ae2a693b678494d,usdt+,1,0x1E1F509963A6D33e169D9497b11c7DbFe73B7F13,2761808,2024-03-08T13:39:14.000Z
0x5479dc9809c1e7fe77fdcd6aed10cc3c2d151bac,usdt+,1,0x1E1F509963A6D33e169D9497b11c7DbFe73B7F13,2761808,2024-03-08T13:39:14.000Z
0x0aef625bdcc0b08eb702f253cee2f7d2db7ddde6,usdt+,1,0x1E1F509963A6D33e169D9497b11c7DbFe73B7F13,2761808,2024-03-08T13:39:14.000Z