block_number,timestamp,token_address,token_balance,user_address
3040699,1711020769,0xe5d7c2a44ffddf6b295a15c148167daaaf5cf34f,750000000071148900,0x00ac9eec7fcbfb335ff678e4137e2e3383989204
3040699,1711020769,0xe5d7c2a44ffddf6b295a15c148167daaaf5cf34f,21731721479063620,0x00ba280c55643f707e23376c948be41b5468ef58
3040699,1711020769,0xe5d7c2a44ffddf6b295a15c148167daaaf5cf34f,30000000000000000,0x01a1d2750b2c7aad954698c1e9596f5ccabdd265
3040699,1711020769,0xe5d7c2a44ffddf6b295a15c148167daaaf5cf34f,11000000000000000,0x04028198e451f64212c33ca22cb3b1fba6272459
3040699,1711020769,0xe5d7c2a44ffddf6b295a15c148167daaaf5cf34f,600000000000000000,0x0499d44beec210cb334b3c366348abe4810db52e
3040699,1711020769,0xe5d7c2a44ffddf6b295a15c148167daaaf5cf34f,17000000000000000,0x04c0cc73de341ef5dca540fc8ebef24c574e7a83
3040699,1711020769,0xb5bedd42000b71fdde22d3ee8a79bd49a568fc8f,13000000000000000,0x055fda7eb509cc338c898b0f698b7624387ab813
3040699,1711020769,0xe5d7c2a44ffddf6b295a15c148167daaaf5cf34f,1010000000000000000,0x0567fedec3c958441e5ed154704f2f563cb220ed
3040699,1711020769,0xe5d7c2a44ffddf6b295a15c148167daaaf5cf34f,900000000000000000,0x06478c27c23e73c40757216a620339fd8788ecca
3040699,1711020769,0xe5d7c2a44ffddf6b295a15c148167daaaf5cf34f,495000000000000000,0x07687b40f1e807f94ea49206cbbe28111793fb7f
3040699,1711020769,0xb5bedd42000b71fdde22d3ee8a79bd49a568fc8f,500000000000000000,0x0797fc6d6f3762d33728e0eeb9c82dd301f3467b
3040699,1711020769,0xe5d7c2a44ffddf6b295a15c148167daaaf5cf34f,20000000000000000,0x07bacaa97acf2c0d2091f49e3617074cfb54b751
3040699,1711020769,0xb5bedd42000b71fdde22d3ee8a79bd49a568fc8f,10000000000000000,0x0852022531ee6b8cd7dd668299904c7b37129102
3040699,1711020769,0xe5d7c2a44ffddf6b295a15c148167daaaf5cf34f,481000000000000000,0x09a4687adb440c78ab93283b03c46381f2e4cbf3
3040699,1711020769,0xe5d7c2a44ffddf6b295a15c148167daaaf5cf34f,955000000000000000,0x0a7d37da91a4f1eb5b39c439a6dabf4369f8cc42
3040699,1711020769,0xe5d7c2a44ffddf6b295a15c148167daaaf5cf34f,550000000000000000,0x0c921b6913302802f5e6a3908c9e3ee6171405da
3040699,1711020769,0xe5d7c2a44ffddf6b295a15c148167daaaf5cf34f,550000000000000000,0x0ccfa1c3441f3febdcee067bd1cbe3af7bbb614b
3040699,1711020769,0xe5d7c2a44ffddf6b295a15c148167daaaf5cf34f,50000000000000000,0x0dc69f398a6c1b6d1777ff4be17cdb97ca7e5786
3040699,1711020769,0xe5d7c2a44ffddf6b295a15c148167daaaf5cf34f,570000000000000000,0x0e37e122456fc28b5998de19833ff9f435f41038
3040699,1711020769,0xe5d7c2a44ffddf6b295a15c148167daaaf5cf34f,1000000000000000000,0x0e969f847f8f2dff9f6892fe834be92a1cc96f7a
3040699,1711020769,0xe5d7c2a44ffddf6b295a15c148167daaaf5cf34f,425000000000000000,0x0eec70678a2e67a0aecacbea56d2426713c78562
3040699,1711020769,0xe5d7c2a44ffddf6b295a15c148167daaaf5cf34f,570000000000000000,0x0f8b8801a738ba366b1703c35057c0fa6bcef5dd
3040699,1711020769,0xe5d7c2a44ffddf6b295a15c148167daaaf5cf34f,20000000000000000,0x0fa0b79aa0c2f941ba002dd498f856686ab9934c
3040699,1711020769,0xb5bedd42000b71fdde22d3ee8a79bd49a568fc8f,856309141156305000,0x10115ea72868edacc4fda8f398043ca593f5b830
3040699,1711020769,0xb5bedd42000b71fdde22d3ee8a79bd49a568fc8f,20000000000000000,0x105f7121079dc74414e5802d9a971c61987f8698
3040699,1711020769,0xe5d7c2a44ffddf6b295a15c148167daaaf5cf34f,2000000635672992200,0x1169a721e2e2052ac3768ca3a6e120b745247097
3040699,1711020769,0xe5d7c2a44ffddf6b295a15c148167daaaf5cf34f,800000000000000000,0x11c0f196e606916cb18211e0750924a2a6ea4917
3040699,1711020769,0xe5d7c2a44ffddf6b295a15c148167daaaf5cf34f,100000000000000000,0x12ef2cd4231d5cf655a6cdd4ac1524ffaa439c17
3040699,1711020769,0xe5d7c2a44ffddf6b295a15c148167daaaf5cf34f,13000001403179024,0x14a5a065f6645aa70643297f64462001c7c1d112
3040699,1711020769,0xe5d7c2a44ffddf6b295a15c148167daaaf5cf34f,1000000000000000000,0x156daf376cfbdd938c470a227508b0ba022c998f
3040699,1711020769,0xe5d7c2a44ffddf6b295a15c148167daaaf5cf34f,21000050800000000,0x168fc6735f2d16955ceefe3c326b58f2b709ad4f
3040699,1711020769,0xe5d7c2a44ffddf6b295a15c148167daaaf5cf34f,500000000000000000,0x171e286a34da24d67503b2e972546dbfcf2e1228
3040699,1711020769,0xe5d7c2a44ffddf6b295a15c148167daaaf5cf34f,800100000000000000,0x175893de59faf86ff2feca7a268ae6814d889d92
3040699,1711020769,0xe5d7c2a44ffddf6b295a15c148167daaaf5cf34f,420001000000000000,0x185cfafca1f2d364c1acb7d568b0f221623d40ed
3040699,1711020769,0xe5d7c2a44ffddf6b295a15c148167daaaf5cf34f,16000000000000000,0x18799902c24dee7f499205f9e647c69e97eb193b
3040699,1711020769,0xe5d7c2a44ffddf6b295a15c148167daaaf5cf34f,500000000000000000,0x19b97b896c241fc39852b1bc0ede5364a5b011f7
3040699,1711020769,0xe5d7c2a44ffddf6b295a15c148167daaaf5cf34f,500000000000000000,0x1a5b37d3ed535e25a4857c4a1d7cc2c174a487b6
3040699,1711020769,0xe5d7c2a44ffddf6b295a15c148167daaaf5cf34f,500000000000000000,0x1a7315019b5b1a83b06ee7972f86d1e881ac548f
3040699,1711020769,0xe5d7c2a44ffddf6b295a15c148167daaaf5cf34f,1000000000000000000,0x1af115586a5de2c7db35749143b25a8dd7383956
3040699,1711020769,0xb5bedd42000b71fdde22d3ee8a79bd49a568fc8f,118006528023035080,0x1bba15127f9fd12a20e0e8c3a1e9c88245452ef3
3040699,1711020769,0xe5d7c2a44ffddf6b295a15c148167daaaf5cf34f,610000000000000000,0x1bfe8b25a7308c341bceb8c71c9ecbb8b56f8400
3040699,1711020769,0xe5d7c2a44ffddf6b295a15c148167daaaf5cf34f,488485523587457500,0x1e30eee1a69ea39e73ae924e8e74d89f90e28dd3
3040699,1711020769,0xe5d7c2a44ffddf6b295a15c148167daaaf5cf34f,110500000000000000,0x1e6be8b36cf529d9b2bf5dfe6684ed970da96992
3040699,1711020769,0xe5d7c2a44ffddf6b295a15c148167daaaf5cf34f,400000000000000000,0x1ec64949e7ccae961293f40d6c20a4bce2097fa7
3040699,1711020769,0xe5d7c2a44ffddf6b295a15c148167daaaf5cf34f,29339905323670770,0x2070277f91d9f8383e450aed81be5347f5f9ea34
3040699,1711020769,0xe5d7c2a44ffddf6b295a15c148167daaaf5cf34f,800000000000000000,0x21557d93264d3f04dde870746d68ded99cc159b6
3040699,1711020769,0xe5d7c2a44ffddf6b295a15c148167daaaf5cf34f,510000000000000000,0x22fbd1c2d3de39076c2ad03725e9f1fe4e6a0df5
3040699,1711020769,0xe5d7c2a44ffddf6b295a15c148167daaaf5cf34f,16576139200456182,0x238afe488509b59474f10db0c58e2c73415e0b71
3040699,1711020769,0xe5d7c2a44ffddf6b295a15c148167daaaf5cf34f,3802635592598168900,0x24a30823bd87e785b0c4b3803a2bffd91eb6876f
3040699,1711020769,0xe5d7c2a44ffddf6b295a15c148167daaaf5cf34f,711330000000000000,0x252caa7c46d0b20afd335facfa4dcf53045ad189
3040699,1711020769,0xe5d7c2a44ffddf6b295a15c148167daaaf5cf34f,462000000000000000,0x2554c11407adbdda4927f389373d932e61fd8fac
3040699,1711020769,0xe5d7c2a44ffddf6b295a15c148167daaaf5cf34f,1235000000000000000,0x25d61994536be3c6660e6954c1d2d7a9cd28a1b7
3040699,1711020769,0xe5d7c2a44ffddf6b295a15c148167daaaf5cf34f,700000000000000000,0x26d5091bf8353f4553dff080d6687d434dfb6408
3040699,1711020769,0xe5d7c2a44ffddf6b295a15c148167daaaf5cf34f,120000000000000000,0x27a517eb3a9f7a120006af1af5a18357e5f0a2c7
3040699,1711020769,0xe5d7c2a44ffddf6b295a15c148167daaaf5cf34f,25000000000000000,0x27bd51fd2d802621b9cf61bab2545e569e78bff7
3040699,1711020769,0xb5bedd42000b71fdde22d3ee8a79bd49a568fc8f,15000000000000000,0x27dcbbd06c19f692e2e5e8ac1f201e911d1c66a1
3040699,1711020769,0xe5d7c2a44ffddf6b295a15c148167daaaf5cf34f,550000000000000000,0x28867de9098ab9ed4e6aa7c7fc51be553252d52a
3040699,1711020769,0xe5d7c2a44ffddf6b295a15c148167daaaf5cf34f,1000000000000000000,0x28c3bfe0cfe3f10cf0135da5de9896571ef5dda5
3040699,1711020769,0xb5bedd42000b71fdde22d3ee8a79bd49a568fc8f,14073900311214934,0x29029bbe90540245c3d05cdd52f06730deccac2f
3040699,1711020769,0xe5d7c2a44ffddf6b295a15c148167daaaf5cf34f,490000000000000000,0x29101c9e06947743174fc540983e56f587be0cb0
3040699,1711020769,0xe5d7c2a44ffddf6b295a15c148167daaaf5cf34f,16000000000000000,0x297672692ba46965c5a2e8ba6cfedfd0b3a16327
3040699,1711020769,0xb5bedd42000b71fdde22d3ee8a79bd49a568fc8f,430000000000000000,0x29ab060bd02cd22e4042095679cfc5118098d46c
3040699,1711020769,0xe5d7c2a44ffddf6b295a15c148167daaaf5cf34f,480000000000000000,0x2a14cb2b30e412642fd81f20f1c7806472cf81d8
3040699,1711020769,0xe5d7c2a44ffddf6b295a15c148167daaaf5cf34f,17257542588311664,0x2a2b5ee4240bd0d7cc6b42248576609196536e3e
3040699,1711020769,0xe5d7c2a44ffddf6b295a15c148167daaaf5cf34f,600000000000000000,0x2a402a12723457ce8243a70b63f745c462bd11f9
3040699,1711020769,0xe5d7c2a44ffddf6b295a15c148167daaaf5cf34f,750000000000000000,0x2b44d9764fbbd2b07fbc48212aee4da331806062
3040699,1711020769,0xe5d7c2a44ffddf6b295a15c148167daaaf5cf34f,25000000000000000,0x2bace547bb9992a8b30072dc5d5a66c509c86a66
3040699,1711020769,0xe5d7c2a44ffddf6b295a15c148167daaaf5cf34f,435600000000000000,0x2ca2a730ef23da040faacf237e9394681c9cb4f4
3040699,1711020769,0xe5d7c2a44ffddf6b295a15c148167daaaf5cf34f,20000000000000000,0x2d1cb5ed13c731604a3f1d48dc206d85fe5e52b1
3040699,1711020769,0xb5bedd42000b71fdde22d3ee8a79bd49a568fc8f,15000000000000000,0x2e12f8894e40669276f3d470060616f13e06eab8
3040699,1711020769,0xe5d7c2a44ffddf6b295a15c148167daaaf5cf34f,430000000000000000,0x2f02f8e0ea13f20333a51b19c14ed8d16a20a943
3040699,1711020769,0xe5d7c2a44ffddf6b295a15c148167daaaf5cf34f,510000000000000000,0x305718ce9acc26f710cca37be65b4946a486855b
3040699,1711020769,0xe5d7c2a44ffddf6b295a15c148167daaaf5cf34f,800100000000000000,0x32542ded523cb0342ac019ddd39e35e8746f82ed
3040699,1711020769,0xe5d7c2a44ffddf6b295a15c148167daaaf5cf34f,500000000000000000,0x3296e3b69de53172ca297c092e72132035a5dc66
3040699,1711020769,0xe5d7c2a44ffddf6b295a15c148167daaaf5cf34f,510000000000000000,0x32bcd41d2093212b647a789dc7ff6b1021d9ea98
3040699,1711020769,0xe5d7c2a44ffddf6b295a15c148167daaaf5cf34f,20000000000000000,0x32e738a8e67c1f90f630056522d4241ab0c25bd3
3040699,1711020769,0xe5d7c2a44ffddf6b295a15c148167daaaf5cf34f,20000000000000000,0x3326e4adc42637cf5e7cf68d98f47154553a91b0
3040699,1711020769,0xb5bedd42000b71fdde22d3ee8a79bd49a568fc8f,14735570192888613,0x3355389f7f41c955d95c3629506a43ec96211d7a
3040699,1711020769,0xe5d7c2a44ffddf6b295a15c148167daaaf5cf34f,480000000000000000,0x3380b0c20131d59b0591782e713d819dc5a1968c
3040699,1711020769,0xe5d7c2a44ffddf6b295a15c148167daaaf5cf34f,699000000000000000,0x346790c85882719d3806c1a7933dd7455a4f5b09
3040699,1711020769,0xe5d7c2a44ffddf6b295a15c148167daaaf5cf34f,490000000000000000,0x3677b937001378106aa95b07c9d43c30c73f646b
3040699,1711020769,0xe5d7c2a44ffddf6b295a15c148167daaaf5cf34f,450000000000000000,0x37e3ba0818453197e80c8676ce4f51e1b6099781
3040699,1711020769,0xe5d7c2a44ffddf6b295a15c148167daaaf5cf34f,520000000000000000,0x38c0075269c3c11d5631c2e16e3a61d20cdb9614
3040699,1711020769,0xe5d7c2a44ffddf6b295a15c148167daaaf5cf34f,514000000000000000,0x38e063bb03399eefd194600f8884618cf653e1ca
3040699,1711020769,0xe5d7c2a44ffddf6b295a15c148167daaaf5cf34f,11000000000000000,0x39c31a899662da8bba43862c82c8ba531dc61390
3040699,1711020769,0xe5d7c2a44ffddf6b295a15c148167daaaf5cf34f,500000000000000000,0x3bfa8e44ea1a8d608e75a82c1f2a8e990265faf9
3040699,1711020769,0xe5d7c2a44ffddf6b295a15c148167daaaf5cf34f,600000000000000000,0x3c5501066f049bf00d4c851fad3ee345c8961484
3040699,1711020769,0xe5d7c2a44ffddf6b295a15c148167daaaf5cf34f,485000000000000000,0x3c97e2b3d31629d9c77dc3e09f8b18d79fead3e3
3040699,1711020769,0xb5bedd42000b71fdde22d3ee8a79bd49a568fc8f,33841067529871120,0x3d1634e1638917f26cb207cc2dd3b481be6d5361
3040699,1711020769,0xb5bedd42000b71fdde22d3ee8a79bd49a568fc8f,20000000000000000,0x3f86a3993c330dae0193b6081d49b32fb21090b8
3040699,1711020769,0xe5d7c2a44ffddf6b295a15c148167daaaf5cf34f,1000000000000000000,0x3fa96f50de9335e6a36dafb5d50164fbac181ea5
3040699,1711020769,0xe5d7c2a44ffddf6b295a15c148167daaaf5cf34f,550000000000000000,0x401eb34fb48176ebaa88f56597f6c7ac68abc740
3040699,1711020769,0xe5d7c2a44ffddf6b295a15c148167daaaf5cf34f,521000000000000000,0x4162d131db965433ee1cf2085e7b55408e9ee201
3040699,1711020769,0xe5d7c2a44ffddf6b295a15c148167daaaf5cf34f,500000000000000000,0x41aa328721917389fa1bbecb51db70061cf534fb
3040699,1711020769,0xe5d7c2a44ffddf6b295a15c148167daaaf5cf34f,650000000000000000,0x4267ca7c40d73ccbb532fb0f2359eba7cf836112
3040699,1711020769,0xe5d7c2a44ffddf6b295a15c148167daaaf5cf34f,610000000000000000,0x432c53218a11bed08d238cf84ff547ce4fe933ab
3040699,1711020769,0xe5d7c2a44ffddf6b295a15c148167daaaf5cf34f,550000000000000000,0x461462fc0a8c05ffb5b5fe2e82b3a3ab292db23a
3040699,1711020769,0xe5d7c2a44ffddf6b295a15c148167daaaf5cf34f,550000000000000000,0x469ce8788f99b45dda2a85807c00d728cd8462a3
3040699,1711020769,0xb5bedd42000b71fdde22d3ee8a79bd49a568fc8f,17394166816530000,0x47075648c0c715e68b49d938b87552fab718a9c8
3040699,1711020769,0xe5d7c2a44ffddf6b295a15c148167daaaf5cf34f,550000000000000000,0x4764e2d1f34406cbfcbb91759103db97d8327e36
3040699,1711020769,0xe5d7c2a44ffddf6b295a15c148167daaaf5cf34f,450000000000000000,0x48690f85e7bdfc59c67405907a450cc568ad4da2
3040699,1711020769,0xe5d7c2a44ffddf6b295a15c148167daaaf5cf34f,619000000000000000,0x489362c11acbeffdf713e68c834d64102d3f68ec
3040699,1711020769,0xe5d7c2a44ffddf6b295a15c148167daaaf5cf34f,500000000000000000,0x4a118ed231eac5726121efc35c52e7417b240b19
3040699,1711020769,0xe5d7c2a44ffddf6b295a15c148167daaaf5cf34f,500000000000000000,0x4a20823d4331c29e13b53a3a9658c34d435bca05
3040699,1711020769,0xe5d7c2a44ffddf6b295a15c148167daaaf5cf34f,517000000000000000,0x4a7c1487b6253729401c2f3f3a2045e6f94d54d1
3040699,1711020769,0xe5d7c2a44ffddf6b295a15c148167daaaf5cf34f,550000000000000000,0x4ae84046dd7450255579d7103551ae287a93feca
3040699,1711020769,0xe5d7c2a44ffddf6b295a15c148167daaaf5cf34f,451000000000000000,0x4b69511c0b077200771f73f3c7cd4ecd60c77707
3040699,1711020769,0xb5bedd42000b71fdde22d3ee8a79bd49a568fc8f,15000000000000000,0x4b9708c05b883ee55b15e40959ccd0f1e6a80a4e
3040699,1711020769,0xe5d7c2a44ffddf6b295a15c148167daaaf5cf34f,500010000000000000,0x4c0d13d089a60f726d56d49b7648c374c57fb059
3040699,1711020769,0xb5bedd42000b71fdde22d3ee8a79bd49a568fc8f,500000000000000000,0x4c5d0317dc00719a1fc07b5be10cdcaac8d84e97
3040699,1711020769,0xe5d7c2a44ffddf6b295a15c148167daaaf5cf34f,484626564340000000,0x4cd2888489bc88f29d2f7c887fd1c376f8a7749d
3040699,1711020769,0xe5d7c2a44ffddf6b295a15c148167daaaf5cf34f,520000000000000000,0x4d56118bbc351a19c5490b0ca33a76a7085c8d3b
3040699,1711020769,0xe5d7c2a44ffddf6b295a15c148167daaaf5cf34f,598000000000000000,0x4dedb6e9d58a577ac6c04fe0c74ceb2b3a34fa59
3040699,1711020769,0xe5d7c2a44ffddf6b295a15c148167daaaf5cf34f,600000000000000000,0x4ea0dfe37b6f081f67b7f26f5c67b0a19a16150f
3040699,1711020769,0xb5bedd42000b71fdde22d3ee8a79bd49a568fc8f,15570610274367990,0x4ecb77536383295cf1d6191855f4c24e7c5e034c
3040699,1711020769,0xe5d7c2a44ffddf6b295a15c148167daaaf5cf34f,12000000000000000,0x4f50704b836eb4a6c448c40fc2f315f3fcffb74a
3040699,1711020769,0xe5d7c2a44ffddf6b295a15c148167daaaf5cf34f,700000000000000000,0x503808754239306572edb923f33119ac67529bca
3040699,1711020769,0xb5bedd42000b71fdde22d3ee8a79bd49a568fc8f,13792252903184565,0x50c311e3989482de510ccbe0ab3342de57c10ad9
3040699,1711020769,0xe5d7c2a44ffddf6b295a15c148167daaaf5cf34f,530000000000000000,0x50c3738b41bf9e1cea5f991949588b70c6247c1d
3040699,1711020769,0xe5d7c2a44ffddf6b295a15c148167daaaf5cf34f,503093073694582100,0x51be7bdef7cb9d20cee33d6d272b15d2a510c363
3040699,1711020769,0xe5d7c2a44ffddf6b295a15c148167daaaf5cf34f,30000000000000000,0x51f884ab949bbf579f0ce646c42ec8d87aa22b77
3040699,1711020769,0xe5d7c2a44ffddf6b295a15c148167daaaf5cf34f,450000000000000000,0x52a56f49e58c6c2e81a89c6f5890aa37a86d18d9
3040699,1711020769,0xe5d7c2a44ffddf6b295a15c148167daaaf5cf34f,940000000000000000,0x52d118e5bab6c53a845feb84be139ec8c0db6d5c
3040699,1711020769,0xe5d7c2a44ffddf6b295a15c148167daaaf5cf34f,19999644642643765,0x54b00aae51e8c8f022e420681da940ad08b780d4
3040699,1711020769,0xe5d7c2a44ffddf6b295a15c148167daaaf5cf34f,1000000000000000000,0x55bbcea2e28b3e25391839cbae1cb9bece406dcd
3040699,1711020769,0xe5d7c2a44ffddf6b295a15c148167daaaf5cf34f,520000000000000000,0x563e5bfc624fbae342ff18171ccaec6197b60194
3040699,1711020769,0xb5bedd42000b71fdde22d3ee8a79bd49a568fc8f,12723773247784028,0x56a6b552e15b467320519decfaa283be8dda5579
3040699,1711020769,0xe5d7c2a44ffddf6b295a15c148167daaaf5cf34f,710007000000000000,0x585326b9ab31f38089228645c8bed03960da07a1
3040699,1711020769,0xe5d7c2a44ffddf6b295a15c148167daaaf5cf34f,490000000000000000,0x58675d3aa3b1afdc7705a97ad7a9c86088373acc
3040699,1711020769,0xe5d7c2a44ffddf6b295a15c148167daaaf5cf34f,518321000000000000,0x58ef9b1a73179b0e50ec6665cbe8bfe10fa38a88
3040699,1711020769,0xb5bedd42000b71fdde22d3ee8a79bd49a568fc8f,14671959091133524,0x59070f02fa3693bb7af1a41e80cc0ae3f1509e4b
3040699,1711020769,0xb5bedd42000b71fdde22d3ee8a79bd49a568fc8f,437715593000000000,0x594abfeae5943e2d47e019939b5257eae38222d7
3040699,1711020769,0xb5bedd42000b71fdde22d3ee8a79bd49a568fc8f,14197920361453100,0x599f93f297bb772e57e9e4921b1a589a4a762146
3040699,1711020769,0xe5d7c2a44ffddf6b295a15c148167daaaf5cf34f,509652880107270300,0x59c530055daaf3bc8216570897d0957481319ae4
3040699,1711020769,0xb5bedd42000b71fdde22d3ee8a79bd49a568fc8f,10000000000000000,0x5a40707e59a1155725aa1f95f0b43eac28d44cbe
3040699,1711020769,0xe5d7c2a44ffddf6b295a15c148167daaaf5cf34f,610000000000000000,0x5bbefaccc1a8e1ecb0d470f941668562eeb46ff0
3040699,1711020769,0xe5d7c2a44ffddf6b295a15c148167daaaf5cf34f,1010000000000000000,0x5c9e30def85334e587cf36eb07bdd6a72bf1452d
3040699,1711020769,0xe5d7c2a44ffddf6b295a15c148167daaaf5cf34f,450000000000000000,0x5e1bd214fbff85f66d5ce01a0c95f73ed191e1bd
3040699,1711020769,0xe5d7c2a44ffddf6b295a15c148167daaaf5cf34f,610000000000000000,0x5f9908aa2af7653cc50f9d93416b8c96e18b957f
3040699,1711020769,0xe5d7c2a44ffddf6b295a15c148167daaaf5cf34f,32900000000000000,0x5fa96f3f91e9305bfff719b05db115331b9d239a
3040699,1711020769,0xe5d7c2a44ffddf6b295a15c148167daaaf5cf34f,430000000000000000,0x5fd50dad16c877d837429778b35b09469cc66c54
3040699,1711020769,0xe5d7c2a44ffddf6b295a15c148167daaaf5cf34f,1000000000000000000,0x6132727c4fc42e8c6fd0814bd62ca0565844a596
3040699,1711020769,0xe5d7c2a44ffddf6b295a15c148167daaaf5cf34f,1000000000000000000,0x618422214d7e90fb8d3e9e3dfbea29ed5091a128
3040699,1711020769,0xb5bedd42000b71fdde22d3ee8a79bd49a568fc8f,518111596220374600,0x618f55773cdd0dbcff63a49f3957e22db32052af
3040699,1711020769,0xe5d7c2a44ffddf6b295a15c148167daaaf5cf34f,20000000000000000,0x61c6e4b1e973d347763f7f7c2e2cc34b7f1eb7e2
3040699,1711020769,0xe5d7c2a44ffddf6b295a15c148167daaaf5cf34f,600000000000000000,0x6210d21df49befe7928eb5469af1856590c8df04
3040699,1711020769,0xe5d7c2a44ffddf6b295a15c148167daaaf5cf34f,550000000000000000,0x6255cb4133632300182580fccd311ea79d4ec0a6
3040699,1711020769,0xe5d7c2a44ffddf6b295a15c148167daaaf5cf34f,1000000000000000000,0x62769c281e13d431ef0a3db21184d9aabfc88c2c
3040699,1711020769,0xb5bedd42000b71fdde22d3ee8a79bd49a568fc8f,15000000000000000,0x62a9bb00dfc4d6303a02efa5370b3997f7363674
3040699,1711020769,0xe5d7c2a44ffddf6b295a15c148167daaaf5cf34f,20000000000000000,0x634ea5142039756816418931aab3a26e7a209f8c
3040699,1711020769,0xe5d7c2a44ffddf6b295a15c148167daaaf5cf34f,580000000000000000,0x63869cc7af0efd9851a208e191d326df5b45fdaa
3040699,1711020769,0xb5bedd42000b71fdde22d3ee8a79bd49a568fc8f,15000000000000000,0x641c79f73a7a087f482784713b0e9d5e7fd81329
3040699,1711020769,0xe5d7c2a44ffddf6b295a15c148167daaaf5cf34f,510000000000000000,0x641edbfe3d62d002725404a5c5de97211f85d64e
3040699,1711020769,0xe5d7c2a44ffddf6b295a15c148167daaaf5cf34f,125110811140000000,0x64eaccb62a35eb791cf79a2bec40e902dd99902c
3040699,1711020769,0xe5d7c2a44ffddf6b295a15c148167daaaf5cf34f,23000000000000000,0x65e8359e462b23de0f0efdae3639315f650b4b9e
3040699,1711020769,0xe5d7c2a44ffddf6b295a15c148167daaaf5cf34f,33500000000000000,0x67326f695035f4b4681b0c4d12a233ac22e13733
3040699,1711020769,0xe5d7c2a44ffddf6b295a15c148167daaaf5cf34f,33000000000000000,0x68af8805f64dcbe82bebd3c22372d3bba2210e5c
3040699,1711020769,0xe5d7c2a44ffddf6b295a15c148167daaaf5cf34f,700000000000000000,0x68de1e5e1dd5093a8ef495b56432179d8ed609ef
3040699,1711020769,0xe5d7c2a44ffddf6b295a15c148167daaaf5cf34f,1000000000000000000,0x6909521fc0bf92faa33f333d1e50d2dc51946601
3040699,1711020769,0xe5d7c2a44ffddf6b295a15c148167daaaf5cf34f,8500000000000000000,0x69b2a220d1d0948d34da622051be636ddedd17c9
3040699,1711020769,0xe5d7c2a44ffddf6b295a15c148167daaaf5cf34f,17000000000000000,0x69d5d1ea063199298ad9f92cd60102ee1206694b
3040699,1711020769,0xe5d7c2a44ffddf6b295a15c148167daaaf5cf34f,458000000000000000,0x6a3f6d4de1f891e776ac0a1e57d46bbba3b0cada
3040699,1711020769,0xe5d7c2a44ffddf6b295a15c148167daaaf5cf34f,557300000000000000,0x6ac62b530d3a23f7c1f5753a9d3f9b70c3739c93
3040699,1711020769,0xe5d7c2a44ffddf6b295a15c148167daaaf5cf34f,470000000000000000,0x6b2a06dccea3a167d5c67666788de886f961c212
3040699,1711020769,0xb5bedd42000b71fdde22d3ee8a79bd49a568fc8f,532880062245791100,0x6c4de74f5752960e991d7bf580fde2cfc5e2ca59
3040699,1711020769,0xe5d7c2a44ffddf6b295a15c148167daaaf5cf34f,23000000000000000,0x6cd08f886094b820b7f47ac1b8bbb841e4431757
3040699,1711020769,0xe5d7c2a44ffddf6b295a15c148167daaaf5cf34f,480000000000000000,0x6f2f01bb520e91c76c1bff6876d6b40d98286769
3040699,1711020769,0xe5d7c2a44ffddf6b295a15c148167daaaf5cf34f,800100000000000000,0x6f43c7973ac494b595b17845eefc10cbb40bd7b9
3040699,1711020769,0xe5d7c2a44ffddf6b295a15c148167daaaf5cf34f,496540000000000000,0x6fc0d56595af8d7fb0e64c840c4b3f005ad33157
3040699,1711020769,0xe5d7c2a44ffddf6b295a15c148167daaaf5cf34f,480000000000000000,0x6fccefc187ae054820b3cf2d4f4a4dd4351bd3f3
3040699,1711020769,0xe5d7c2a44ffddf6b295a15c148167daaaf5cf34f,15000000000000000,0x714d7baf5067855eba892296b6c6d94a09857010
3040699,1711020769,0xe5d7c2a44ffddf6b295a15c148167daaaf5cf34f,499000000000000000,0x71535aae1b6c0c51db317b54d5eee72d1ab843c1
3040699,1711020769,0xe5d7c2a44ffddf6b295a15c148167daaaf5cf34f,500000000000000000,0x71843bb19e3d999a24d24a4bd73117d228381164
3040699,1711020769,0xe5d7c2a44ffddf6b295a15c148167daaaf5cf34f,440000000000000000,0x72250a9849773829b37765230ebb4c7a551f0678
3040699,1711020769,0xe5d7c2a44ffddf6b295a15c148167daaaf5cf34f,1000000000000000000,0x72de76467fe13d92c6efc9ae37864e27f8d142e5
3040699,1711020769,0xb5bedd42000b71fdde22d3ee8a79bd49a568fc8f,17000000000000000,0x7374fc9e5aa8baee2a1e36ca751b85500d4603db
3040699,1711020769,0xe5d7c2a44ffddf6b295a15c148167daaaf5cf34f,17000000000000000,0x7374fc9e5aa8baee2a1e36ca751b85500d4603db
3040699,1711020769,0xe5d7c2a44ffddf6b295a15c148167daaaf5cf34f,500000000000000000,0x743d7b30661d65b41960bf6b5d1bb93cf7972a73
3040699,1711020769,0xe5d7c2a44ffddf6b295a15c148167daaaf5cf34f,500000000000000000,0x757917aa3c6552b2e187c3b57e3e39395b71eea5
3040699,1711020769,0xe5d7c2a44ffddf6b295a15c148167daaaf5cf34f,460000000000000000,0x7585c053a047630d1069e78722d23eb2606d07de
3040699,1711020769,0xe5d7c2a44ffddf6b295a15c148167daaaf5cf34f,500000000000000000,0x75cabbbbfea85ed93557b5eb4131b172bf398382
3040699,1711020769,0xe5d7c2a44ffddf6b295a15c148167daaaf5cf34f,515000000000000000,0x76485772d4ccf07c1ff718b506776d65f2210dc0
3040699,1711020769,0xe5d7c2a44ffddf6b295a15c148167daaaf5cf34f,650000000000000000,0x76b4b27b47f211448964ed2cf92f731412602700
3040699,1711020769,0xe5d7c2a44ffddf6b295a15c148167daaaf5cf34f,2340000000000000000,0x7798ba9512b5a684c12e31518923ea4221a41fb9
3040699,1711020769,0xe5d7c2a44ffddf6b295a15c148167daaaf5cf34f,540000000000000000,0x77b90c77c5e647b6ad208dff364cdd42d44de124
3040699,1711020769,0xe5d7c2a44ffddf6b295a15c148167daaaf5cf34f,500000000000000000,0x784f6d6fc555d01ed6ca049e248cc368f3837210
3040699,1711020769,0xe5d7c2a44ffddf6b295a15c148167daaaf5cf34f,650000000000000000,0x78e462cf197e9337f37b514977b4ac0469ac2f03
3040699,1711020769,0xe5d7c2a44ffddf6b295a15c148167daaaf5cf34f,530000000000000000,0x797dfb540df8d0364cac0e365e633586e7e70849
3040699,1711020769,0xe5d7c2a44ffddf6b295a15c148167daaaf5cf34f,650000000000000000,0x79977ebc6ee6d5dffa5db56823296de7c71488d7
3040699,1711020769,0xe5d7c2a44ffddf6b295a15c148167daaaf5cf34f,1000000000000000000,0x7a17ab28444fb388dba371b2f04cca9f4683692a
3040699,1711020769,0xe5d7c2a44ffddf6b295a15c148167daaaf5cf34f,1000000000000000000,0x7a58917a6c679594e4ce2b793d151d2098ff0a42
3040699,1711020769,0xb5bedd42000b71fdde22d3ee8a79bd49a568fc8f,1020000000000000000,0x7a855e3e13585368576a5a583c50451339acc561
3040699,1711020769,0xe5d7c2a44ffddf6b295a15c148167daaaf5cf34f,1020000000000000000,0x7a855e3e13585368576a5a583c50451339acc561
3040699,1711020769,0xe5d7c2a44ffddf6b295a15c148167daaaf5cf34f,500000000000000000,0x7b52405200a1933d4bbfb8320746b9daeec1c19e
3040699,1711020769,0xe5d7c2a44ffddf6b295a15c148167daaaf5cf34f,500100000000000000,0x7bae046e5ea3c3885087f164f251374db09d9183
3040699,1711020769,0xe5d7c2a44ffddf6b295a15c148167daaaf5cf34f,540000000000000000,0x7c818d46acef870ea88137bf553594f4803872ca
3040699,1711020769,0xe5d7c2a44ffddf6b295a15c148167daaaf5cf34f,650000000000000000,0x7cef97368c4f75393bd18682bf84a4f7d1915dbe
3040699,1711020769,0xe5d7c2a44ffddf6b295a15c148167daaaf5cf34f,500000000000000000,0x7d04227808dd38f649fe272fe004c029b68f40d7
3040699,1711020769,0xb5bedd42000b71fdde22d3ee8a79bd49a568fc8f,20000000000000000,0x7ddae9139db6ef4780a6cab78c0dd73a4e90dec7
3040699,1711020769,0xe5d7c2a44ffddf6b295a15c148167daaaf5cf34f,500000000000000000,0x8029035589c93e9e6f5c9cd3de5577d26dc6fa71
3040699,1711020769,0xe5d7c2a44ffddf6b295a15c148167daaaf5cf34f,608385795449674500,0x802d0e7eb5b261ff38f0c24dda93d472f44b3e18
3040699,1711020769,0xb5bedd42000b71fdde22d3ee8a79bd49a568fc8f,10000000000000000,0x806b704d7c2a4390a9e2b8078e1f1227da95ee9e
3040699,1711020769,0xe5d7c2a44ffddf6b295a15c148167daaaf5cf34f,520000000000000000,0x80d79e29953926e54e11b8e09e67ec43e425ce6a
3040699,1711020769,0xe5d7c2a44ffddf6b295a15c148167daaaf5cf34f,604292658260475000,0x80ee6ede9e3612c3672bd79d9827e675cf1b122c
3040699,1711020769,0xe5d7c2a44ffddf6b295a15c148167daaaf5cf34f,1000000000000000000,0x817fb018a6bbfc39b774e9fe5bc17cb7931e98be
3040699,1711020769,0xe5d7c2a44ffddf6b295a15c148167daaaf5cf34f,600000000000000000,0x81acc319a1a50c0faebd6882643a0cc8b6da5a18
3040699,1711020769,0xe5d7c2a44ffddf6b295a15c148167daaaf5cf34f,700212500000000000,0x81e3c9ded64caf37ee5ffd643637e1a97cd64f5f
3040699,1711020769,0xe5d7c2a44ffddf6b295a15c148167daaaf5cf34f,650000000000000000,0x830c9cf260556a72a9383303c004c0d62a65ee3c
3040699,1711020769,0xb5bedd42000b71fdde22d3ee8a79bd49a568fc8f,595961044592000000,0x848ac158d4af8a753227ad4e955a6ea3b0cbf480
3040699,1711020769,0xe5d7c2a44ffddf6b295a15c148167daaaf5cf34f,500000000000000000,0x8493eca71bbe028ce959c760e209e3ad73ecc86c
3040699,1711020769,0xe5d7c2a44ffddf6b295a15c148167daaaf5cf34f,690000000000000000,0x85f562490100dc393109f6c0a1c7929bc0faae0b
3040699,1711020769,0xe5d7c2a44ffddf6b295a15c148167daaaf5cf34f,26599000000000000,0x86eb0c1200a28363d06c31ba79c1fd42aca92f55
3040699,1711020769,0xe5d7c2a44ffddf6b295a15c148167daaaf5cf34f,490000000000000000,0x8737717a5d2a4db78eb4f248961e9e809ed7ee25
3040699,1711020769,0xe5d7c2a44ffddf6b295a15c148167daaaf5cf34f,11000000000000000,0x874771cbcc83c38abe74f066edd675ef87b9ad99
3040699,1711020769,0xe5d7c2a44ffddf6b295a15c148167daaaf5cf34f,518000000000000000,0x8803318dbfe0c7f1813d34f623cf90a4e42e0864
3040699,1711020769,0xe5d7c2a44ffddf6b295a15c148167daaaf5cf34f,1000000000000000000,0x8831e460e417011d5833d2594b6eb19ae4cd57a7
3040699,1711020769,0xe5d7c2a44ffddf6b295a15c148167daaaf5cf34f,510000000000000000,0x88694b773555b7aed2e912d84adc18847ac0697d
3040699,1711020769,0xe5d7c2a44ffddf6b295a15c148167daaaf5cf34f,460000000000000000,0x889884d3a1b6097c7f8f4f0a4046f107866f9769
3040699,1711020769,0xe5d7c2a44ffddf6b295a15c148167daaaf5cf34f,12000000000000000,0x88dd10a5bcecba71f2493cb261b181f57943040d
3040699,1711020769,0xb5bedd42000b71fdde22d3ee8a79bd49a568fc8f,400000000000000000,0x8a2fa09530f858d2b064d5539aa755e8b901033a
3040699,1711020769,0xe5d7c2a44ffddf6b295a15c148167daaaf5cf34f,24200917857916443,0x8ab7091dacd6e4ff3c6f80ff1db02616f553c432
3040699,1711020769,0xe5d7c2a44ffddf6b295a15c148167daaaf5cf34f,800000000000000000,0x8b31c4cfef98b2b7099d0178bb256be15b7f9db8
3040699,1711020769,0xe5d7c2a44ffddf6b295a15c148167daaaf5cf34f,429000000000000000,0x8b5fae5f1c13243874ecc9da5554644b6ae5ed8e
3040699,1711020769,0xe5d7c2a44ffddf6b295a15c148167daaaf5cf34f,110000000000000000,0x8c8868c77e0546b34f196595f0e727bc1add2e4d
3040699,1711020769,0xb5bedd42000b71fdde22d3ee8a79bd49a568fc8f,94039041060371030,0x8e29d0e2ca8e92a9f27192616e2e9f170fd2a035
3040699,1711020769,0xe5d7c2a44ffddf6b295a15c148167daaaf5cf34f,509000000000000000,0x8e40b943485c98ce972bb1f06467fad749bc7fb7
3040699,1711020769,0xb5bedd42000b71fdde22d3ee8a79bd49a568fc8f,401151911759505800,0x8eddc30b12a5cc60d046fc1b1b887eb2c1353a87
3040699,1711020769,0xe5d7c2a44ffddf6b295a15c148167daaaf5cf34f,500010000000000000,0x8f538e57ba75663d4cf8fa677f6f4c4bf75adc56
3040699,1711020769,0xe5d7c2a44ffddf6b295a15c148167daaaf5cf34f,485000000000000000,0x8f91a3fe2ab3da07008d02baeb729bcb8dffea99
3040699,1711020769,0xb5bedd42000b71fdde22d3ee8a79bd49a568fc8f,15000000000000000,0x8fb20c72139b2a971ab814503d61111349f8cc78
3040699,1711020769,0xe5d7c2a44ffddf6b295a15c148167daaaf5cf34f,637736111782734312,0x8febd46d0ed62ab1b180067dcaab3d1b5f6118ff
3040699,1711020769,0xe5d7c2a44ffddf6b295a15c148167daaaf5cf34f,20000000000000000,0x900f482cd75a55b385576ad9ad1b71a8e39a03dd
3040699,1711020769,0xe5d7c2a44ffddf6b295a15c148167daaaf5cf34f,960000000000000000,0x902b1a1ec6cfc16d5ba114a4e66eb8bc3f7be848
3040699,1711020769,0xe5d7c2a44ffddf6b295a15c148167daaaf5cf34f,627200000000000000,0x9227dff3a69cac5bc42984256588c88d1581237b
3040699,1711020769,0xe5d7c2a44ffddf6b295a15c148167daaaf5cf34f,490000000000000000,0x92b1f9a6562e50b1cf32dfd234d62c16591e10c1
3040699,1711020769,0xe5d7c2a44ffddf6b295a15c148167daaaf5cf34f,600000000000000000,0x9312a6fdd3a9ba31ba0347e0996344fb8bf5e613
3040699,1711020769,0xe5d7c2a44ffddf6b295a15c148167daaaf5cf34f,20000000000000000,0x9387f71f3928ebe9ce8b3d8cf37a8fb52739ae7d
3040699,1711020769,0xe5d7c2a44ffddf6b295a15c148167daaaf5cf34f,20000000000000000,0x9423fd0afc747205b19160fa1467b67e52c549e2
3040699,1711020769,0xe5d7c2a44ffddf6b295a15c148167daaaf5cf34f,800000000000000000,0x95272c5e0f8bd14ed7f79656b3ace6b06c85e5fe
3040699,1711020769,0xb5bedd42000b71fdde22d3ee8a79bd49a568fc8f,623700000000000000,0x95c2ec97903c993efbe4630f1535282a12fead98
3040699,1711020769,0xe5d7c2a44ffddf6b295a15c148167daaaf5cf34f,430000000000000000,0x95d35b8a119e1596be852a0755070cc0d1be1b32
3040699,1711020769,0xe5d7c2a44ffddf6b295a15c148167daaaf5cf34f,550000000000000000,0x95da58cb3a1b96d54d85cc7776ef995cfda12b37
3040699,1711020769,0xe5d7c2a44ffddf6b295a15c148167daaaf5cf34f,30000000000000000,0x9628be77fb3dcd890fd93a5d039092fca855d3cc
3040699,1711020769,0xe5d7c2a44ffddf6b295a15c148167daaaf5cf34f,500000000000000000,0x97d887e0202a89071c83d0678fc0c87008dbf164
3040699,1711020769,0xb5bedd42000b71fdde22d3ee8a79bd49a568fc8f,20499559578935010,0x97dbdde069b9f69dcceae786dd708664129a0db8
3040699,1711020769,0xe5d7c2a44ffddf6b295a15c148167daaaf5cf34f,600000000000000000,0x97fa4879a2aeecb14b5e9807c6c187c9f4560e9b
3040699,1711020769,0xe5d7c2a44ffddf6b295a15c148167daaaf5cf34f,500000000000000000,0x99372d085fe9db7ff896e540c7001040ab20e749
3040699,1711020769,0xe5d7c2a44ffddf6b295a15c148167daaaf5cf34f,15000000000000000,0x9b0eb11978729fd4e5d5e45c66cdc450dfa51e1b
3040699,1711020769,0xe5d7c2a44ffddf6b295a15c148167daaaf5cf34f,1600000000000000000,0x9b4c56c1c45dbbd1d8189c570a0f9cfbf4190524
3040699,1711020769,0xe5d7c2a44ffddf6b295a15c148167daaaf5cf34f,15000000406322348,0x9b7f72dd8fb89b3dd5ac8ecf70193d75ceba9be0
3040699,1711020769,0xe5d7c2a44ffddf6b295a15c148167daaaf5cf34f,506000000000000000,0x9c529af39499eec506ac31fdfa13bb299c2c2a55
3040699,1711020769,0xe5d7c2a44ffddf6b295a15c148167daaaf5cf34f,536000000000000000,0x9c7931727e4315c9569fa8eb69b9a7a4d3b52b27
3040699,1711020769,0xb5bedd42000b71fdde22d3ee8a79bd49a568fc8f,17418670260038320,0x9cdc96237678b2f68682c1caeb270ae81f9118ce
3040699,1711020769,0xe5d7c2a44ffddf6b295a15c148167daaaf5cf34f,15000000000000000,0x9cf4dbab25fd916d09f73217b6852cc2347d14ba
3040699,1711020769,0xe5d7c2a44ffddf6b295a15c148167daaaf5cf34f,620000000000000000,0x9cfdad32f9127b87fff03ba323bad8d2251b62bb
3040699,1711020769,0xe5d7c2a44ffddf6b295a15c148167daaaf5cf34f,500000000000000000,0x9d862f1303c7baa51d067d176003e8a9c5d9d881
3040699,1711020769,0xb5bedd42000b71fdde22d3ee8a79bd49a568fc8f,20000000000000000,0x9e1dc70181f76fc725626f44c12f290234e60e44
3040699,1711020769,0xb5bedd42000b71fdde22d3ee8a79bd49a568fc8f,112999554571477000,0x9ee3871c347533d6870a6e7203890d12283760e5
3040699,1711020769,0xb5bedd42000b71fdde22d3ee8a79bd49a568fc8f,14000000000000000,0x9ff88edd0388b40274f7143c0685a272f95dcd41
3040699,1711020769,0xe5d7c2a44ffddf6b295a15c148167daaaf5cf34f,600000000000000000,0xa061ff4b849d36f0638bf77d4e964648dee88dc1
3040699,1711020769,0xe5d7c2a44ffddf6b295a15c148167daaaf5cf34f,480000000000000000,0xa07276eaa856fa4d8ed484c2cbc6dc3be4c7df6f
3040699,1711020769,0xe5d7c2a44ffddf6b295a15c148167daaaf5cf34f,570000000000000000,0xa1123948c5b09ffd1637a5e2816105c22a2ad07e
3040699,1711020769,0xe5d7c2a44ffddf6b295a15c148167daaaf5cf34f,20000000000000000,0xa13fd08b9e873da32b3008f071638e31c2ea4534
3040699,1711020769,0xe5d7c2a44ffddf6b295a15c148167daaaf5cf34f,500000000000000000,0xa1e8260f024eca7e571bd09b21d71372fdeb5a21
3040699,1711020769,0xe5d7c2a44ffddf6b295a15c148167daaaf5cf34f,1000000000000000000,0xa200369d36d9a1040bddddf7f83995220e87211c
3040699,1711020769,0xe5d7c2a44ffddf6b295a15c148167daaaf5cf34f,555000000000000000,0xa20c3c14f4d77ed780e60333c58350439c70d1de
3040699,1711020769,0xe5d7c2a44ffddf6b295a15c148167daaaf5cf34f,522000000000000000,0xa24e49a72b5759900808084a020001dcb61d3076
3040699,1711020769,0xb5bedd42000b71fdde22d3ee8a79bd49a568fc8f,116642515900000000,0xa2621c9994d25162946833d48589b8233a04ab46
3040699,1711020769,0xe5d7c2a44ffddf6b295a15c148167daaaf5cf34f,24000000000000000,0xa26af2851372264b5ed1a481b2a28ebee26cf6f0
3040699,1711020769,0xb5bedd42000b71fdde22d3ee8a79bd49a568fc8f,20000000000000000,0xa467e268e9100715b2dec095bf55694e9a7a2668
3040699,1711020769,0xe5d7c2a44ffddf6b295a15c148167daaaf5cf34f,600000000000000000,0xa49a2db9814998a5b95a4e9271187f36dad0bbdd
3040699,1711020769,0xe5d7c2a44ffddf6b295a15c148167daaaf5cf34f,510000000000000000,0xa4a2ffe1538f429e8d5a21adab35085f680b1a4a
3040699,1711020769,0xe5d7c2a44ffddf6b295a15c148167daaaf5cf34f,1500000000000000000,0xa5f04fd785a5e4897f4136ecd0ef4dc45723bc8e
3040699,1711020769,0xe5d7c2a44ffddf6b295a15c148167daaaf5cf34f,40000000000000000,0xa675d0d6eb15409a5e4101f18d796c6dd161c747
3040699,1711020769,0xe5d7c2a44ffddf6b295a15c148167daaaf5cf34f,51850000000000000,0xa71ad4e1a0be194299a41a551b94d9db5197a7ab
3040699,1711020769,0xe5d7c2a44ffddf6b295a15c148167daaaf5cf34f,800000000000000000,0xa7f053d0a4df46577428b84fb3a59e98775ee698
3040699,1711020769,0xe5d7c2a44ffddf6b295a15c148167daaaf5cf34f,17995002349059550,0xa7f22b290e4a273cd891bea0dacefa2c2bd48e18
3040699,1711020769,0xe5d7c2a44ffddf6b295a15c148167daaaf5cf34f,508100000000000000,0xa81464c197c61aedcc9c98046eae0a732079a0b2
3040699,1711020769,0xe5d7c2a44ffddf6b295a15c148167daaaf5cf34f,50000000000000000,0xa916e445cf5aa3e1fe95e34725150dc67f2c94e0
3040699,1711020769,0xb5bedd42000b71fdde22d3ee8a79bd49a568fc8f,461679401170189850,0xad5d9b9e062555ef621fbed3c8bd86e618f2f0d3
3040699,1711020769,0xe5d7c2a44ffddf6b295a15c148167daaaf5cf34f,506200000000000000,0xad7f321730941bc096f91066eee4295b4ced8fc9
3040699,1711020769,0xe5d7c2a44ffddf6b295a15c148167daaaf5cf34f,990000000000000000,0xae6b10bd40d92c00a0a7582d055d687f1ce47edf
3040699,1711020769,0xe5d7c2a44ffddf6b295a15c148167daaaf5cf34f,33980000000000000,0xae8b7c3c1b61b2e3a91016aa73358a553b83c0ef
3040699,1711020769,0xe5d7c2a44ffddf6b295a15c148167daaaf5cf34f,600000000000000000,0xaf5fe2f18e681f81ac73cece2bb18dae3435aafc
3040699,1711020769,0xe5d7c2a44ffddf6b295a15c148167daaaf5cf34f,36351854667414700,0xafaa42d6840738903886a09bb8eb01f199c5cf43
3040699,1711020769,0xe5d7c2a44ffddf6b295a15c148167daaaf5cf34f,521000000000000000,0xb0f9f73a241f6a0d8551f21adcd1fb06080af4f2
3040699,1711020769,0xe5d7c2a44ffddf6b295a15c148167daaaf5cf34f,750000000000000000,0xb38715858d1087f5fba4579d674d7d73b448376c
3040699,1711020769,0xe5d7c2a44ffddf6b295a15c148167daaaf5cf34f,440000000000000000,0xb417f4a5647a792ff7aad04600497bc94b6ea6a8
3040699,1711020769,0xe5d7c2a44ffddf6b295a15c148167daaaf5cf34f,450000000000000000,0xb44d432d13c6b52be6a6a8d880ebf6532e36f4ca
3040699,1711020769,0xb5bedd42000b71fdde22d3ee8a79bd49a568fc8f,15000000000000000,0xb488b3961e34864af78823d01e4e4ab90e346f1f
3040699,1711020769,0xe5d7c2a44ffddf6b295a15c148167daaaf5cf34f,439000000000000000,0xb4e027e09563d66f90363acabaf5e2a6cd4079fd
3040699,1711020769,0xe5d7c2a44ffddf6b295a15c148167daaaf5cf34f,611200000000000000,0xb510838c50aa9cc4ad0627507b4421a41674df82
3040699,1711020769,0xe5d7c2a44ffddf6b295a15c148167daaaf5cf34f,505000000000000000,0xb5c0a026926fc8d818ef5d2be6d171ba39e659b3
3040699,1711020769,0xe5d7c2a44ffddf6b295a15c148167daaaf5cf34f,467828508907644770,0xb60682925ee0124b5bac98762b80707ad55343fd
3040699,1711020769,0xe5d7c2a44ffddf6b295a15c148167daaaf5cf34f,31000000000000000,0xb8120a7bb90d8015aa02a5fa2721ee513053342b
3040699,1711020769,0xe5d7c2a44ffddf6b295a15c148167daaaf5cf34f,590000000000000000,0xb8bb00500543571aaf1dbcf6be92bd8a8d838f25
3040699,1711020769,0xe5d7c2a44ffddf6b295a15c148167daaaf5cf34f,500000000000000000,0xb92197bcf7793a69291740723f19cfbd152e91f5
3040699,1711020769,0xe5d7c2a44ffddf6b295a15c148167daaaf5cf34f,600000000000000000,0xb9cd2daac4e0ebcf2da51705a0f02eee13072c3c
3040699,1711020769,0xb5bedd42000b71fdde22d3ee8a79bd49a568fc8f,95419916525711600,0xba212781d22dfe65039edc83c0513afbc12c5c9b
3040699,1711020769,0xe5d7c2a44ffddf6b295a15c148167daaaf5cf34f,550000000000000000,0xba7e5fba171995c80dab3a76601ad5a8d298d86b
3040699,1711020769,0xb5bedd42000b71fdde22d3ee8a79bd49a568fc8f,13500000000000000,0xbbb0c5f2e2ccf64563a8752f921dd541661e8cad
3040699,1711020769,0xe5d7c2a44ffddf6b295a15c148167daaaf5cf34f,11000000000000000,0xbc340c2177f3d11dc56424f8130a09b3a0ac4abf
3040699,1711020769,0xe5d7c2a44ffddf6b295a15c148167daaaf5cf34f,499000000000000000,0xbd2342f377c5ec30f074096fcfa13cec75d469d3
3040699,1711020769,0xe5d7c2a44ffddf6b295a15c148167daaaf5cf34f,490000000000000000,0xbe8c715c8ec2a53a1cac89eeb15c956081ba5ae0
3040699,1711020769,0xe5d7c2a44ffddf6b295a15c148167daaaf5cf34f,460000000000000000,0xbf15d7e59e54c51fe9dc1918cd27c9cc76ca6cca
3040699,1711020769,0xe5d7c2a44ffddf6b295a15c148167daaaf5cf34f,430000000000000000,0xbf5b608d7f98bd924e69462ffa722667dc23398b
3040699,1711020769,0xe5d7c2a44ffddf6b295a15c148167daaaf5cf34f,16800000000000000,0xbfe1efa782028779a9559e9ef6af483822b0fed4
3040699,1711020769,0xe5d7c2a44ffddf6b295a15c148167daaaf5cf34f,1035414942502798500,0xc02bfc8c96477d82ae78d3212b802c4bfc820f90
3040699,1711020769,0xe5d7c2a44ffddf6b295a15c148167daaaf5cf34f,420000000000000000,0xc02d68b1287534d8d12a9be01a5b4ef5a1771ba3
3040699,1711020769,0xe5d7c2a44ffddf6b295a15c148167daaaf5cf34f,600000000000000000,0xc0f480d796222545c97414b8dd85bf5a4f353d7a
3040699,1711020769,0xb5bedd42000b71fdde22d3ee8a79bd49a568fc8f,9000000000000000,0xc1e7ca17274c36a3358460f93ce30200916688b6
3040699,1711020769,0xe5d7c2a44ffddf6b295a15c148167daaaf5cf34f,600000000000000000,0xc26837e65ed61913c30c69b9934699059a3d4445
3040699,1711020769,0xe5d7c2a44ffddf6b295a15c148167daaaf5cf34f,1000000000000000000,0xc27e87cfe1fd2ed6f43dfffbb9e9e46428497a24
3040699,1711020769,0xb5bedd42000b71fdde22d3ee8a79bd49a568fc8f,22000000000000000,0xc3c1744bccfe4691e332c873f9cb99b53214e03c
3040699,1711020769,0xe5d7c2a44ffddf6b295a15c148167daaaf5cf34f,26000000000000000,0xc45649936cca104ceb16457405516cc7d7e57330
3040699,1711020769,0xe5d7c2a44ffddf6b295a15c148167daaaf5cf34f,700000000000000000,0xc4735b87dfb6c7cc3651677651e4bf139b27cc59
3040699,1711020769,0xe5d7c2a44ffddf6b295a15c148167daaaf5cf34f,500000000000000000,0xc47826988f33eae1720a2288a912a2cf0034cc0f
3040699,1711020769,0xe5d7c2a44ffddf6b295a15c148167daaaf5cf34f,15000000000000000,0xc49a31c635a07c165631cddcfd08eb8e737c2835
3040699,1711020769,0xe5d7c2a44ffddf6b295a15c148167daaaf5cf34f,451000000000000000,0xc575fa4034ed81175647b6ac7cd78845253968d6
3040699,1711020769,0xe5d7c2a44ffddf6b295a15c148167daaaf5cf34f,800000000000000000,0xc650c509d9e4a542e46ecde38a986588f8eb5636
3040699,1711020769,0xb5bedd42000b71fdde22d3ee8a79bd49a568fc8f,21141694873922700,0xc75371e3c1fd9e0a215f597682abe26ddccfe4c6
3040699,1711020769,0xe5d7c2a44ffddf6b295a15c148167daaaf5cf34f,466500000000000000,0xc7f3e0e9e0380104b0af25d947fe0a3ec671fb7a
3040699,1711020769,0xe5d7c2a44ffddf6b295a15c148167daaaf5cf34f,700000000000000000,0xca0073964efe7f9422ceb16901018b1db0cc4785
3040699,1711020769,0xe5d7c2a44ffddf6b295a15c148167daaaf5cf34f,610100000000000000,0xcbd9179ce3c82d14f2e26d5448ae9d5f452af3e9
3040699,1711020769,0xb5bedd42000b71fdde22d3ee8a79bd49a568fc8f,10000000000000000,0xcc28d10b7425e59be4c1aee9fb745b98bb16c53d
3040699,1711020769,0xe5d7c2a44ffddf6b295a15c148167daaaf5cf34f,445001012172044500,0xcc93ea88d342623d62e073e35f9d7b805e8a0af2
3040699,1711020769,0xb5bedd42000b71fdde22d3ee8a79bd49a568fc8f,19995648422902905,0xccb1e7a7e4b56cfcd08125ffd8458fabf1509b59
3040699,1711020769,0xe5d7c2a44ffddf6b295a15c148167daaaf5cf34f,1000000000000000000,0xcd749c813d0bbd418c7bc61cbe319c8be4251437
3040699,1711020769,0xe5d7c2a44ffddf6b295a15c148167daaaf5cf34f,510000000000000000,0xcd9a97c61133a86c78b5e34c51a6413928bcd5d6
3040699,1711020769,0xe5d7c2a44ffddf6b295a15c148167daaaf5cf34f,20000000000000000,0xce97336b8f9c0e5771d2bb73e32dc502290313c0
3040699,1711020769,0xe5d7c2a44ffddf6b295a15c148167daaaf5cf34f,750000000000000000,0xceb5cea4fb1f00f4c1f1b95ee41c1dd4b957bda2
3040699,1711020769,0xe5d7c2a44ffddf6b295a15c148167daaaf5cf34f,14852280899804789,0xcf2ef17813cd627bfca674526eee6de52efc6989
3040699,1711020769,0xb5bedd42000b71fdde22d3ee8a79bd49a568fc8f,29932000000000000,0xd0ac50d9f7516be16e2449539394a3967bea03c7
3040699,1711020769,0xe5d7c2a44ffddf6b295a15c148167daaaf5cf34f,800000000000000000,0xd1057878aaf096d81d05e71dd2da79e2070495b2
3040699,1711020769,0xe5d7c2a44ffddf6b295a15c148167daaaf5cf34f,800100000000000000,0xd187570ff46109317f5f2ce3344e6397aca2e5e2
3040699,1711020769,0xe5d7c2a44ffddf6b295a15c148167daaaf5cf34f,770100000000000000,0xd27f083c3cf444281561a8df0afe2d93a604c3e9
3040699,1711020769,0xe5d7c2a44ffddf6b295a15c148167daaaf5cf34f,14990000000000000,0xd283ac6b8dd58cde7ede41002219d976115dca36
3040699,1711020769,0xe5d7c2a44ffddf6b295a15c148167daaaf5cf34f,600000000000000000,0xd2deffe956c02635452c2d56ba4fd0a063186e00
3040699,1711020769,0xe5d7c2a44ffddf6b295a15c148167daaaf5cf34f,700000000000000000,0xd30049e93a9f60d66bd92db0c83ae9d42e90c02b
3040699,1711020769,0xe5d7c2a44ffddf6b295a15c148167daaaf5cf34f,700000000000000000,0xd31a84c20bc430ad75e6a1903e7ddbee52211072
3040699,1711020769,0xe5d7c2a44ffddf6b295a15c148167daaaf5cf34f,650000000000000000,0xd3ad72af19df2633e25f1370036a501b21232ed7
3040699,1711020769,0xe5d7c2a44ffddf6b295a15c148167daaaf5cf34f,480000000000000000,0xd3fab52a0c93346f23a9b9b24fd45ea0b8dd3420
3040699,1711020769,0xe5d7c2a44ffddf6b295a15c148167daaaf5cf34f,500000000000000000,0xd4e317977878dc02a3f8bb3da03fd8f33091922f
3040699,1711020769,0xe5d7c2a44ffddf6b295a15c148167daaaf5cf34f,25000000000000000,0xd53314c970059c003de57c2cfcebfa45392b7f09
3040699,1711020769,0xb5bedd42000b71fdde22d3ee8a79bd49a568fc8f,20000000000000000,0xd5c02a39fa5f8e20ab787ce429c4d795ba5e5934
3040699,1711020769,0xe5d7c2a44ffddf6b295a15c148167daaaf5cf34f,34000000000000000,0xd685fe52a14cb8ba582b1c4f7bd0eef09de52e16
3040699,1711020769,0xe5d7c2a44ffddf6b295a15c148167daaaf5cf34f,503000000000000000,0xd788d826864dffbc61c75f0c85eeeb840f246247
3040699,1711020769,0xe5d7c2a44ffddf6b295a15c148167daaaf5cf34f,25000000000000000,0xd810cbeb63fc4ae8d70c1045dc298044c172d045
3040699,1711020769,0xe5d7c2a44ffddf6b295a15c148167daaaf5cf34f,900000000000000000,0xd92293daca6bbed57f8cb6d498b48ea93e035e99
3040699,1711020769,0xe5d7c2a44ffddf6b295a15c148167daaaf5cf34f,1000000000000000000,0xda360606e4e484e7c97abbcc8441ae0887f88a18
3040699,1711020769,0xe5d7c2a44ffddf6b295a15c148167daaaf5cf34f,18138355299179204,0xda9ad6284300b15bc802c3fbf6dbbdf7ceb27fe8
3040699,1711020769,0xe5d7c2a44ffddf6b295a15c148167daaaf5cf34f,20000000000000000,0xdaa764ae3c7014912f0c6884f95927985499be4e
3040699,1711020769,0xe5d7c2a44ffddf6b295a15c148167daaaf5cf34f,600000000000000000,0xdb3bff011cca2b7509eebf59880246e3f95d1e8c
3040699,1711020769,0xe5d7c2a44ffddf6b295a15c148167daaaf5cf34f,12000000000000000,0xdb6086b08fa09d196f9918a9d3e3228d5494bbb1
3040699,1711020769,0xe5d7c2a44ffddf6b295a15c148167daaaf5cf34f,760000000000000000,0xdb67846763415453a214ab8a9f7c14a0c8c99bed
3040699,1711020769,0xe5d7c2a44ffddf6b295a15c148167daaaf5cf34f,610000000000000000,0xdc691e531515702dc50f7548d5a556e1e6fe3992
3040699,1711020769,0xe5d7c2a44ffddf6b295a15c148167daaaf5cf34f,50000000000000000,0xdd0a4223b501176c1ce551185c09c1ab0bc0599c
3040699,1711020769,0xe5d7c2a44ffddf6b295a15c148167daaaf5cf34f,50000000000000000,0xddbeacc7391342fcd48a1de75808f9ba356bae03
3040699,1711020769,0xe5d7c2a44ffddf6b295a15c148167daaaf5cf34f,480000000000000000,0xddcc160cc604552e5ecb3392fc1c834a538a32ce
3040699,1711020769,0xe5d7c2a44ffddf6b295a15c148167daaaf5cf34f,490000000000000000,0xde52fb8798af6685934f5a754e7ca614892de860
3040699,1711020769,0xb5bedd42000b71fdde22d3ee8a79bd49a568fc8f,715700000000000000,0xde93a283495fa2834047b53871a8e4e09f96d841
3040699,1711020769,0xe5d7c2a44ffddf6b295a15c148167daaaf5cf34f,610000000000000000,0xe00eb3afea67142d042a937e3c64d7fb338f301a
3040699,1711020769,0xb5bedd42000b71fdde22d3ee8a79bd49a568fc8f,15644313746533180,0xe06f42689ac47da2ba9b04050413c5243fb787db
3040699,1711020769,0xe5d7c2a44ffddf6b295a15c148167daaaf5cf34f,18355828153995920,0xe0e4b23d0f8f18c4aed1eb5650ce0a0713295284
3040699,1711020769,0xe5d7c2a44ffddf6b295a15c148167daaaf5cf34f,610000000000000000,0xe2db0c5dbab3a9f403a0b7113bfbd542106509a1
3040699,1711020769,0xe5d7c2a44ffddf6b295a15c148167daaaf5cf34f,500000000000000000,0xe39a3769c05df388dd74d1003ce9ea9f23af0761
3040699,1711020769,0xe5d7c2a44ffddf6b295a15c148167daaaf5cf34f,500000000000000000,0xe3a899e0e67cbb73cbb23ab925a68f4b648ff1b4
3040699,1711020769,0xe5d7c2a44ffddf6b295a15c148167daaaf5cf34f,100000000000000000,0xe3d69bcab5daaea39787eeaf4c0369de366d71bd
3040699,1711020769,0xe5d7c2a44ffddf6b295a15c148167daaaf5cf34f,500000000000000000,0xe45fc740070abbe141e2d4b2d7e03cbca3115d9b
3040699,1711020769,0xe5d7c2a44ffddf6b295a15c148167daaaf5cf34f,20000000000000000,0xe59ebffe72ee3984401688e46429b202114047b6
3040699,1711020769,0xe5d7c2a44ffddf6b295a15c148167daaaf5cf34f,520000000000000000,0xe5b28f78cb00930ad8a8e020460af1fc99e8b977
3040699,1711020769,0xe5d7c2a44ffddf6b295a15c148167daaaf5cf34f,800000000000000000,0xe620cf1f08935350d7f0eb09c270a7f3cfe68039
3040699,1711020769,0xb5bedd42000b71fdde22d3ee8a79bd49a568fc8f,20000000000000000,0xe6386827c99639ccbc253f70609fbb2b999b5895
3040699,1711020769,0xe5d7c2a44ffddf6b295a15c148167daaaf5cf34f,1000000000000000000,0xe6798c54c8174824992c921acae18489c2a88ba8
3040699,1711020769,0xe5d7c2a44ffddf6b295a15c148167daaaf5cf34f,15500000000000000,0xe768134b2988aa939b2e34ca58d45d012759213a
3040699,1711020769,0xe5d7c2a44ffddf6b295a15c148167daaaf5cf34f,600000000000000000,0xe77ad9c5af60332d24e5531b51a6b7f61d0b8703
3040699,1711020769,0xe5d7c2a44ffddf6b295a15c148167daaaf5cf34f,610000000000000000,0xe799b5b066a0038c479f37b55b75410e604d31c6
3040699,1711020769,0xb5bedd42000b71fdde22d3ee8a79bd49a568fc8f,30000000000000000,0xe89d2127ba263bd05ee79b483783785e0f54d79a
3040699,1711020769,0xe5d7c2a44ffddf6b295a15c148167daaaf5cf34f,550000000000000000,0xe95f2ceae7dd64b742b0f8d55e289c65221340d3
3040699,1711020769,0xe5d7c2a44ffddf6b295a15c148167daaaf5cf34f,500000000000000000,0xe967b179b5c4d99054c87d4a0f062e47641b2fe3
3040699,1711020769,0xe5d7c2a44ffddf6b295a15c148167daaaf5cf34f,486010000000000000,0xeb5bb0b1aaba1d2563179322e447348ddb960f54
3040699,1711020769,0xe5d7c2a44ffddf6b295a15c148167daaaf5cf34f,28710000000000000,0xebd5f0763d46a9e9f9c82404b6ad3ee0788fd662
3040699,1711020769,0xe5d7c2a44ffddf6b295a15c148167daaaf5cf34f,800000000000000000,0xec8aff769b4995a5db62c26212ca612f0914af2f
3040699,1711020769,0xe5d7c2a44ffddf6b295a15c148167daaaf5cf34f,505000000000001300,0xecb345270c14273c7374b38677f2d018e4ee2175
3040699,1711020769,0xe5d7c2a44ffddf6b295a15c148167daaaf5cf34f,478000000000000000,0xed9b700ef5c731ae483956f2162cf60970fe5dcc
3040699,1711020769,0xe5d7c2a44ffddf6b295a15c148167daaaf5cf34f,610000000000000000,0xee6b71b0b9e8a2e7a30f3f966a41c8b414d5e2cc
3040699,1711020769,0xe5d7c2a44ffddf6b295a15c148167daaaf5cf34f,1080000000000000000,0xef47f79f2bac358a13deccd6951ffe1dafe4ea1a
3040699,1711020769,0xe5d7c2a44ffddf6b295a15c148167daaaf5cf34f,39000000000000000,0xf109f3b3a73b8201dfa53ad0039e893c163208f3
3040699,1711020769,0xe5d7c2a44ffddf6b295a15c148167daaaf5cf34f,520000000000000000,0xf1c9b59b7d76c59a345f378e2b56896a1a2de518
3040699,1711020769,0xe5d7c2a44ffddf6b295a15c148167daaaf5cf34f,500000000000000000,0xf25d4b3aab855f78f070d52c776df29a9275aebf
3040699,1711020769,0xe5d7c2a44ffddf6b295a15c148167daaaf5cf34f,500000000000000000,0xf3b3f5aba0940ee4d7299c70fa8237db456e7038
3040699,1711020769,0xe5d7c2a44ffddf6b295a15c148167daaaf5cf34f,430000000000000000,0xf57395058624cc79ae1ab69617b9b6521e3ac71b
3040699,1711020769,0xe5d7c2a44ffddf6b295a15c148167daaaf5cf34f,16000000000000000,0xf578cb0baeb867e3464f57e4eb7359bd4fcba64a
3040699,1711020769,0xb5bedd42000b71fdde22d3ee8a79bd49a568fc8f,664386264237993600,0xf60fd90fc72e1eb4d2054a24f5dcf7658f166eda
3040699,1711020769,0xe5d7c2a44ffddf6b295a15c148167daaaf5cf34f,1000000000000000000,0xf70fe54c6523c6a8bbd05a93542536de02d6ed88
3040699,1711020769,0xb5bedd42000b71fdde22d3ee8a79bd49a568fc8f,10000000000000000,0xf91851288a37fff87175c8578aef962a5569b048
3040699,1711020769,0xe5d7c2a44ffddf6b295a15c148167daaaf5cf34f,500000000000000000,0xf9521d4954e3972ca2773b1a34e406f6ab8c6e67
3040699,1711020769,0xe5d7c2a44ffddf6b295a15c148167daaaf5cf34f,300000000000000000,0xfa14f0e077f3a680fc56127df78d0e7ee0aaeffe
3040699,1711020769,0xe5d7c2a44ffddf6b295a15c148167daaaf5cf34f,29993048854950445,0xfa5468bca5348fe7e295055ed9622f60881bdc82
3040699,1711020769,0xe5d7c2a44ffddf6b295a15c148167daaaf5cf34f,605000000000000000,0xfaaf5645b877f3af3d35220b8c4bc2198e68f4bb
3040699,1711020769,0xe5d7c2a44ffddf6b295a15c148167daaaf5cf34f,650000000000000000,0xfadaa3edf0a2f6cbd21b5259b09903818e84b03d
3040699,1711020769,0xe5d7c2a44ffddf6b295a15c148167daaaf5cf34f,650000000000000000,0xfaf5cf83230365d10d0cb585b8678cdf0c96e160
3040699,1711020769,0xe5d7c2a44ffddf6b295a15c148167daaaf5cf34f,620000000000000000,0xfc0478ad7f24c4f39893d0a6f39b5b9838094d04
3040699,1711020769,0xe5d7c2a44ffddf6b295a15c148167daaaf5cf34f,500000000000000000,0xfcf81e1e356cc08dab2f17bce10ef93b53ab91f1
3040699,1711020769,0xe5d7c2a44ffddf6b295a15c148167daaaf5cf34f,18000000000000000,0xfd457097deb19e587a3cf43c2ecc454e0fbe5d9b
3040699,1711020769,0xb5bedd42000b71fdde22d3ee8a79bd49a568fc8f,514085099751415100,0xfe2e78981edda33ca9d2c464aacd0e8938de8690
3040699,1711020769,0xe5d7c2a44ffddf6b295a15c148167daaaf5cf34f,520000000000000000,0xfe4b04ade5478f3b649614221cdcc43ee31fa27e
3040699,1711020769,0xb5bedd42000b71fdde22d3ee8a79bd49a568fc8f,14000000000000000,0xfe5097dd34fe609ea4ef5729a77c8da20dbb913e
3040699,1711020769,0xe5d7c2a44ffddf6b295a15c148167daaaf5cf34f,525000000000000000,0xfefb5a240f1fa4e0fac20a5579412d4f2eb1482a
3040699,1711020769,0xb5bedd42000b71fdde22d3ee8a79bd49a568fc8f,14000000000000000,0xff180948d613baba1959b8d8c9e96b94959828f9